,time_step,datacenter_id,CPU.S1,CPU.S2,CPU.S3,CPU.S4,GPU.S1,GPU.S2,GPU.S3,demand_met
1,1,DC1,2265,0,0,0,57,0,0,"[10000, 0, 0, 0, 10, 0, 0]"
2,1,DC2,2197,0,0,0,40,0,0,"[6000, 0, 0, 0, 10, 0, 0]"
3,1,DC3,543,0,0,0,446,0,0,"[4000, 0, 0, 0, 30, 0, 0]"
4,1,DC4,2353,0,0,0,0,0,0,"[4000, 0, 0, 0, 30, 0, 0]"
5,2,DC1,0,0,0,0,0,0,0,"[20400, 0, 0, 0, 20, 0, 0]"
6,2,DC2,0,0,0,0,0,0,0,"[12240, 0, 0, 0, 20, 0, 0]"
7,2,DC3,0,0,0,0,0,0,0,"[8160, 0, 0, 0, 61, 0, 0]"
8,2,DC4,0,0,0,0,0,0,0,"[8160, 0, 0, 0, 61, 0, 0]"
9,3,DC1,0,0,0,0,0,0,0,"[27540, 0, 0, 0, 31, 0, 0]"
10,3,DC2,0,0,0,0,0,0,0,"[16524, 0, 0, 0, 31, 0, 0]"
11,3,DC3,0,0,0,0,0,0,0,"[11016, 0, 0, 0, 95, 0, 0]"
12,3,DC4,0,0,0,0,0,0,0,"[11016, 0, 0, 0, 95, 0, 0]"
13,4,DC1,0,0,0,0,0,0,0,"[34884, 0, 0, 0, 43, 0, 0]"
14,4,DC2,0,0,0,0,0,0,0,"[20930, 0, 0, 0, 43, 0, 0]"
15,4,DC3,0,0,0,0,0,0,0,"[13952, 0, 0, 0, 130, 0, 0]"
16,4,DC4,0,0,0,0,0,0,0,"[13952, 0, 0, 0, 130, 0, 0]"
17,5,DC1,0,0,0,0,0,0,0,"[47965, 0, 0, 0, 56, 0, 0]"
18,5,DC2,0,0,0,0,0,0,0,"[28779, 0, 0, 0, 56, 0, 0]"
19,5,DC3,0,0,0,0,0,0,0,"[19186, 0, 0, 0, 168, 0, 0]"
20,5,DC4,0,0,0,0,0,0,0,"[19186, 0, 0, 0, 168, 0, 0]"
21,6,DC1,0,0,0,0,0,0,0,"[69069, 0, 0, 0, 69, 0, 0]"
22,6,DC2,0,0,0,0,0,0,0,"[41442, 0, 0, 0, 69, 0, 0]"
23,6,DC3,0,0,0,0,0,0,0,"[27627, 0, 0, 0, 208, 0, 0]"
24,6,DC4,0,0,0,0,0,0,0,"[27627, 0, 0, 0, 208, 0, 0]"
25,7,DC1,0,0,0,0,0,0,0,"[64464, 0, 0, 0, 83, 0, 0]"
26,7,DC2,0,0,0,0,0,0,0,"[38679, 0, 0, 0, 83, 0, 0]"
27,7,DC3,0,0,0,0,0,0,0,"[25785, 0, 0, 0, 250, 0, 0]"
28,7,DC4,0,0,0,0,0,0,0,"[25785, 0, 0, 0, 250, 0, 0]"
29,8,DC1,0,0,0,0,0,0,0,"[77358, 0, 0, 0, 97, 0, 0]"
30,8,DC2,0,0,0,0,0,0,0,"[46414, 0, 0, 0, 97, 0, 0]"
31,8,DC3,0,0,0,0,0,0,0,"[30942, 0, 0, 0, 294, 0, 0]"
32,8,DC4,0,0,0,0,0,0,0,"[30942, 0, 0, 0, 294, 0, 0]"
33,9,DC1,0,0,0,0,0,0,0,"[91378, 0, 0, 0, 113, 0, 0]"
34,9,DC2,0,0,0,0,0,0,0,"[54828, 0, 0, 0, 113, 0, 0]"
35,9,DC3,0,0,0,0,0,0,0,"[36550, 0, 0, 0, 342, 0, 0]"
36,9,DC4,0,0,0,0,0,0,0,"[36550, 0, 0, 0, 342, 0, 0]"
37,10,DC1,0,0,0,0,0,0,0,"[106610, 0, 0, 0, 130, 0, 0]"
38,10,DC2,0,0,0,0,0,0,0,"[63965, 0, 0, 0, 130, 0, 0]"
39,10,DC3,0,0,0,0,0,0,0,"[42644, 0, 0, 0, 391, 0, 0]"
40,10,DC4,0,0,0,0,0,0,0,"[42644, 0, 0, 0, 391, 0, 0]"
41,11,DC1,0,0,0,0,0,0,0,"[123133, 0, 0, 0, 147, 0, 0]"
42,11,DC2,0,0,0,0,0,0,0,"[73880, 0, 0, 0, 147, 0, 0]"
43,11,DC3,0,0,0,0,0,0,0,"[49253, 0, 0, 0, 443, 0, 0]"
44,11,DC4,0,0,0,0,0,0,0,"[49253, 0, 0, 0, 443, 0, 0]"
45,12,DC1,0,0,0,0,0,0,0,"[135924, 0, 0, 0, 165, 0, 0]"
46,12,DC2,0,0,0,0,0,0,0,"[88656, 0, 0, 0, 165, 0, 0]"
47,12,DC3,0,0,0,0,0,0,0,"[59102, 0, 0, 0, 498, 0, 0]"
48,12,DC4,0,0,0,0,0,0,0,"[59102, 0, 0, 0, 498, 0, 0]"
49,13,DC1,4119,0,0,0,124,0,0,"[163274, 0, 0, 0, 183, 0, 0]"
50,13,DC2,0,0,0,0,141,0,0,"[97965, 0, 0, 0, 183, 0, 0]"
51,13,DC3,500,516,0,0,82,17,0,"[65309, 0, 0, 0, 549, 0, 0]"
52,13,DC4,0,0,0,0,0,0,0,"[65309, 0, 0, 0, 549, 0, 0]"
53,14,DC1,0,0,0,0,0,0,0,"[179351, 0, 0, 0, 201, 0, 0]"
54,14,DC2,0,0,0,0,0,0,0,"[107609, 0, 0, 0, 201, 0, 0]"
55,14,DC3,0,0,0,0,0,0,0,"[71738, 0, 0, 0, 604, 0, 0]"
56,14,DC4,0,0,0,0,0,0,0,"[71738, 0, 0, 0, 604, 0, 0]"
57,15,DC1,0,0,0,0,0,0,0,"[172947, 0, 0, 0, 219, 0, 0]"
58,15,DC2,0,0,0,0,0,0,0,"[103767, 0, 0, 0, 219, 0, 0]"
59,15,DC3,0,0,0,0,0,0,0,"[69177, 0, 0, 0, 660, 0, 0]"
60,15,DC4,0,0,0,0,0,0,0,"[69177, 0, 0, 0, 660, 0, 0]"
61,16,DC1,0,0,0,0,0,0,0,"[175251, 0, 0, 0, 238, 0, 0]"
62,16,DC2,0,0,0,0,0,0,0,"[105152, 0, 0, 0, 238, 0, 0]"
63,16,DC3,0,0,0,0,0,0,0,"[70099, 0, 0, 0, 718, 0, 0]"
64,16,DC4,0,0,0,0,0,0,0,"[70099, 0, 0, 0, 718, 0, 0]"
65,17,DC1,0,0,0,0,0,0,0,"[204826, 0, 0, 0, 258, 0, 0]"
66,17,DC2,0,0,0,0,0,0,0,"[122895, 0, 0, 0, 258, 0, 0]"
67,17,DC3,0,0,0,0,0,0,0,"[81929, 0, 0, 0, 778, 0, 0]"
68,17,DC4,0,0,0,0,0,0,0,"[81929, 0, 0, 0, 778, 0, 0]"
69,18,DC1,0,0,0,0,0,0,0,"[260251, 0, 0, 0, 279, 0, 0]"
70,18,DC2,0,0,0,0,0,0,0,"[131860, 0, 0, 0, 279, 0, 0]"
71,18,DC3,0,0,0,0,0,0,0,"[104097, 0, 0, 0, 840, 0, 0]"
72,18,DC4,0,0,0,0,0,0,0,"[104097, 0, 0, 0, 840, 0, 0]"
73,19,DC1,0,0,0,0,0,0,0,"[219765, 0, 0, 0, 302, 0, 0]"
74,19,DC2,0,0,0,0,0,0,0,"[131860, 0, 0, 0, 302, 0, 0]"
75,19,DC3,0,0,0,0,0,0,0,"[87905, 0, 0, 0, 906, 0, 0]"
76,19,DC4,0,0,0,0,0,0,0,"[87905, 0, 0, 0, 906, 0, 0]"
77,20,DC1,0,0,0,0,0,0,0,"[242900, 0, 0, 0, 324, 0, 0]"
78,20,DC2,0,0,0,0,0,0,0,"[131860, 0, 0, 0, 324, 0, 0]"
79,20,DC3,0,0,0,0,0,0,0,"[97160, 0, 0, 0, 972, 0, 0]"
80,20,DC4,0,0,0,0,0,0,0,"[97160, 0, 0, 0, 972, 0, 0]"
81,21,DC1,0,0,0,0,0,0,0,"[267796, 0, 0, 0, 346, 0, 0]"
82,21,DC2,0,0,0,0,0,0,0,"[131860, 0, 0, 0, 346, 0, 0]"
83,21,DC3,0,0,0,0,0,0,0,"[107116, 0, 0, 0, 1041, 0, 0]"
84,21,DC4,0,0,0,0,0,0,0,"[107116, 0, 0, 0, 1041, 0, 0]"
85,22,DC1,0,0,0,0,0,0,0,"[294575, 0, 0, 0, 369, 0, 0]"
86,22,DC2,0,0,0,0,0,0,0,"[131860, 0, 0, 0, 369, 0, 0]"
87,22,DC3,0,0,0,0,0,0,0,"[117827, 0, 0, 0, 1113, 0, 0]"
88,22,DC4,0,0,0,0,0,0,0,"[117827, 0, 0, 0, 1113, 0, 0]"
89,23,DC1,0,0,0,0,0,0,0,"[323366, 0, 0, 0, 395, 0, 0]"
90,23,DC2,0,0,0,0,0,0,0,"[131860, 0, 0, 0, 395, 0, 0]"
91,23,DC3,0,0,0,0,0,0,0,"[129341, 0, 0, 0, 1186, 0, 0]"
92,23,DC4,0,0,0,0,0,0,0,"[129341, 0, 0, 0, 1186, 0, 0]"
93,24,DC1,0,0,0,0,0,0,0,"[371164, 0, 0, 0, 420, 0, 0]"
94,24,DC2,0,0,0,0,0,0,0,"[131860, 0, 0, 0, 420, 0, 0]"
95,24,DC3,0,0,0,0,0,0,0,"[148464, 0, 0, 0, 1262, 0, 0]"
96,24,DC4,0,0,0,0,0,0,0,"[148464, 0, 0, 0, 1262, 0, 0]"
97,25,DC1,0,1432,0,0,0,13,0,"[383076, 0, 0, 0, 447, 0, 0]"
98,25,DC2,1648,835,0,0,0,13,0,"[230792, 0, 0, 0, 447, 0, 0]"
99,25,DC3,0,0,0,0,0,0,0,"[157745, 0, 0, 0, 1342, 0, 0]"
100,25,DC4,0,353,0,0,0,0,0,"[157745, 0, 0, 0, 1342, 0, 0]"
101,26,DC1,0,0,0,0,0,0,0,"[383076, 0, 0, 0, 473, 0, 0]"
102,26,DC2,0,0,0,0,0,0,0,"[230792, 0, 0, 0, 473, 0, 0]"
103,26,DC3,0,0,0,0,0,0,0,"[167336, 0, 0, 0, 1422, 0, 0]"
104,26,DC4,0,0,0,0,0,0,0,"[167336, 0, 0, 0, 1422, 0, 0]"
105,27,DC1,0,0,0,0,0,0,0,"[383076, 0, 0, 0, 502, 0, 0]"
106,27,DC2,0,0,0,0,0,0,0,"[230792, 0, 0, 0, 502, 0, 0]"
107,27,DC3,0,0,0,0,0,0,0,"[156394, 0, 0, 0, 1506, 0, 0]"
108,27,DC4,0,0,0,0,0,0,0,"[156394, 0, 0, 0, 1506, 0, 0]"
109,28,DC1,0,0,0,0,0,0,0,"[383076, 0, 0, 0, 532, 0, 0]"
110,28,DC2,0,0,0,0,0,0,0,"[230792, 0, 0, 0, 532, 0, 0]"
111,28,DC3,0,0,0,0,0,0,0,"[154078, 0, 0, 0, 1596, 0, 0]"
112,28,DC4,0,0,0,0,0,0,0,"[154078, 0, 0, 0, 1596, 0, 0]"
113,29,DC1,0,0,0,0,0,0,0,"[383076, 0, 0, 0, 559, 0, 0]"
114,29,DC2,0,0,0,0,0,0,0,"[230792, 0, 0, 0, 559, 0, 0]"
115,29,DC3,0,0,0,0,0,0,0,"[175537, 0, 0, 0, 1684, 0, 0]"
116,29,DC4,0,0,0,0,0,0,0,"[175537, 0, 0, 0, 1684, 0, 0]"
117,30,DC1,0,0,0,0,0,0,0,"[383076, 0, 0, 0, 591, 0, 0]"
118,30,DC2,0,0,0,0,0,0,0,"[230792, 0, 0, 0, 591, 0, 0]"
119,30,DC3,0,0,0,0,0,0,0,"[203880, 0, 0, 0, 1779, 0, 0]"
120,30,DC4,0,0,0,0,0,0,0,"[203880, 0, 0, 0, 1779, 0, 0]"
121,31,DC1,0,0,0,0,0,0,0,"[383076, 0, 0, 0, 623, 0, 0]"
122,31,DC2,0,0,0,0,0,0,0,"[230792, 0, 0, 0, 623, 0, 0]"
123,31,DC3,0,0,0,0,0,0,0,"[180134, 0, 0, 0, 1872, 0, 0]"
124,31,DC4,0,0,0,0,0,0,0,"[180134, 0, 0, 0, 1872, 0, 0]"
125,32,DC1,0,0,0,0,0,0,0,"[383076, 0, 0, 0, 656, 0, 0]"
126,32,DC2,0,0,0,0,0,0,0,"[230792, 0, 0, 0, 656, 0, 0]"
127,32,DC3,0,0,0,0,0,0,0,"[195244, 0, 0, 0, 1974, 0, 0]"
128,32,DC4,0,0,0,0,0,0,0,"[195244, 0, 0, 0, 1974, 0, 0]"
129,33,DC1,0,0,0,0,0,0,0,"[383076, 0, 0, 0, 689, 0, 0]"
130,33,DC2,0,0,0,0,0,0,0,"[230792, 0, 0, 0, 689, 0, 0]"
131,33,DC3,0,0,0,0,0,0,0,"[203880, 0, 0, 0, 2075, 0, 0]"
132,33,DC4,0,0,0,0,0,0,0,"[203880, 0, 0, 0, 2075, 0, 0]"
133,34,DC1,0,0,0,0,0,0,0,"[383076, 0, 0, 0, 724, 0, 0]"
134,34,DC2,0,0,0,0,0,0,0,"[230792, 0, 0, 0, 724, 0, 0]"
135,34,DC3,0,0,0,0,0,0,0,"[203880, 0, 0, 0, 2179, 0, 0]"
136,34,DC4,0,0,0,0,0,0,0,"[203880, 0, 0, 0, 2179, 0, 0]"
137,35,DC1,0,0,0,0,0,0,0,"[383076, 0, 0, 0, 763, 0, 0]"
138,35,DC2,0,0,0,0,0,0,0,"[230792, 0, 0, 0, 763, 0, 0]"
139,35,DC3,0,0,0,0,0,0,0,"[203880, 0, 0, 0, 2289, 0, 0]"
140,35,DC4,0,0,0,0,0,0,0,"[203880, 0, 0, 0, 2289, 0, 0]"
141,36,DC1,0,0,0,0,0,0,0,"[383076, 0, 0, 0, 799, 0, 0]"
142,36,DC2,0,0,0,0,0,0,0,"[230792, 0, 0, 0, 799, 0, 0]"
143,36,DC3,0,0,0,0,0,0,0,"[203880, 0, 0, 0, 2401, 0, 0]"
144,36,DC4,0,0,0,0,0,0,0,"[203880, 0, 0, 0, 2401, 0, 0]"
145,37,DC1,0,2676,133,0,0,0,0,"[383076, 18326, 0, 0, 839, 0, 0]"
146,37,DC2,0,732,151,0,0,0,0,"[230792, 10994, 0, 0, 839, 0, 0]"
147,37,DC3,0,0,0,0,0,0,0,"[203880, 7329, 0, 0, 2519, 0, 0]"
148,37,DC4,0,0,0,0,0,0,0,"[203880, 7329, 0, 0, 2519, 0, 0]"
149,38,DC1,0,0,0,0,0,0,0,"[383076, 29596, 0, 0, 877, 0, 0]"
150,38,DC2,0,0,0,0,0,0,0,"[230792, 17757, 0, 0, 877, 0, 0]"
151,38,DC3,0,0,0,0,0,0,0,"[203880, 11838, 0, 0, 2637, 0, 0]"
152,38,DC4,0,0,0,0,0,0,0,"[203880, 11838, 0, 0, 2637, 0, 0]"
153,39,DC1,0,0,0,0,0,0,0,"[383076, 36942, 0, 0, 920, 0, 0]"
154,39,DC2,0,0,0,0,0,0,0,"[230792, 22165, 0, 0, 920, 0, 0]"
155,39,DC3,0,0,0,0,0,0,0,"[203880, 14777, 0, 0, 2761, 0, 0]"
156,39,DC4,0,0,0,0,0,0,0,"[203880, 14777, 0, 0, 2761, 0, 0]"
157,40,DC1,0,0,0,0,0,0,0,"[383076, 45356, 0, 0, 960, 0, 0]"
158,40,DC2,0,0,0,0,0,0,0,"[230792, 27212, 0, 0, 960, 0, 0]"
159,40,DC3,0,0,0,0,0,0,0,"[203880, 18142, 0, 0, 2888, 0, 0]"
160,40,DC4,0,0,0,0,0,0,0,"[203880, 18142, 0, 0, 2888, 0, 0]"
161,41,DC1,0,0,0,0,0,0,0,"[383076, 61690, 0, 0, 1004, 0, 0]"
162,41,DC2,0,0,0,0,0,0,0,"[230792, 37014, 0, 0, 1004, 0, 0]"
163,41,DC3,0,0,0,0,0,0,0,"[203880, 24675, 0, 0, 3021, 0, 0]"
164,41,DC4,0,0,0,0,0,0,0,"[203880, 24675, 0, 0, 3021, 0, 0]"
165,42,DC1,0,0,0,0,0,0,0,"[383076, 88806, 0, 0, 1050, 0, 0]"
166,42,DC2,0,0,0,0,0,0,0,"[230792, 53283, 0, 0, 1050, 0, 0]"
167,42,DC3,0,0,0,0,0,0,0,"[203880, 35521, 0, 0, 3158, 0, 0]"
168,42,DC4,0,0,0,0,0,0,0,"[203880, 35521, 0, 0, 3158, 0, 0]"
169,43,DC1,0,0,0,0,0,0,0,"[383076, 83361, 0, 0, 1096, 0, 0]"
170,43,DC2,0,0,0,0,0,0,0,"[230792, 50015, 0, 0, 1096, 0, 0]"
171,43,DC3,0,0,0,0,0,0,0,"[180453, 33344, 0, 0, 3298, 0, 0]"
172,43,DC4,0,0,0,0,0,0,0,"[180453, 33344, 0, 0, 3298, 0, 0]"
173,44,DC1,0,0,0,0,0,0,0,"[383076, 100980, 0, 0, 1144, 0, 0]"
174,44,DC2,0,0,0,0,0,0,0,"[230792, 60588, 0, 0, 1144, 0, 0]"
175,44,DC3,0,0,0,0,0,0,0,"[175612, 40392, 0, 0, 3440, 0, 0]"
176,44,DC4,0,0,0,0,0,0,0,"[175612, 40392, 0, 0, 3440, 0, 0]"
177,45,DC1,0,0,0,0,0,0,0,"[383076, 120696, 0, 0, 1197, 0, 0]"
178,45,DC2,0,0,0,0,0,0,0,"[230792, 72418, 0, 0, 1197, 0, 0]"
179,45,DC3,0,0,0,0,0,0,0,"[168975, 48278, 0, 0, 3591, 0, 0]"
180,45,DC4,0,0,0,0,0,0,0,"[168975, 48278, 0, 0, 3591, 0, 0]"
181,46,DC1,0,0,0,0,0,0,0,"[383076, 142705, 0, 0, 1246, 0, 0]"
182,46,DC2,0,0,0,0,0,0,0,"[230792, 85622, 0, 0, 1246, 0, 0]"
183,46,DC3,0,0,0,0,0,0,0,"[160310, 57081, 0, 0, 3744, 0, 0]"
184,46,DC4,0,0,0,0,0,0,0,"[160310, 57081, 0, 0, 3744, 0, 0]"
185,47,DC1,0,0,0,0,0,0,0,"[373518, 167214, 0, 0, 1297, 0, 0]"
186,47,DC2,0,0,0,0,0,0,0,"[224105, 100328, 0, 0, 1297, 0, 0]"
187,47,DC3,0,0,0,0,0,0,0,"[149403, 65252, 0, 0, 3901, 0, 0]"
188,47,DC4,0,0,0,0,0,0,0,"[149403, 65252, 0, 0, 3901, 0, 0]"
189,48,DC1,0,0,0,0,0,0,0,"[356179, 203707, 0, 0, 1353, 0, 0]"
190,48,DC2,0,0,0,0,0,0,0,"[213705, 117608, 0, 0, 1353, 0, 0]"
191,48,DC3,0,0,0,0,0,0,0,"[142464, 65252, 0, 0, 4065, 0, 0]"
192,48,DC4,0,0,0,0,0,0,0,"[142464, 65252, 0, 0, 4065, 0, 0]"
193,49,DC1,0,0,0,0,0,0,0,"[304829, 228621, 0, 0, 1269, 28, 0]"
194,49,DC2,0,1281,0,0,0,0,0,"[182897, 137173, 0, 0, 1269, 28, 0]"
195,49,DC3,0,450,0,0,0,25,0,"[121931, 91448, 0, 0, 3807, 86, 0]"
196,49,DC4,0,326,0,0,0,0,0,"[121931, 91448, 0, 0, 3807, 86, 0]"
197,50,DC1,0,0,0,0,0,0,0,"[317270, 237952, 0, 0, 1290, 35, 0]"
198,50,DC2,0,0,0,0,0,0,0,"[190360, 142770, 0, 0, 1290, 35, 0]"
199,50,DC3,0,0,0,0,0,0,0,"[126900, 95180, 0, 0, 3870, 106, 0]"
200,50,DC4,0,0,0,0,0,0,0,"[126900, 95180, 0, 0, 3870, 106, 0]"
201,51,DC1,0,0,0,0,0,0,0,"[291250, 218440, 0, 0, 1310, 42, 0]"
202,51,DC2,0,0,0,0,0,0,0,"[174746, 131064, 0, 0, 1310, 42, 0]"
203,51,DC3,0,0,0,0,0,0,0,"[116494, 87375, 0, 0, 3932, 127, 0]"
204,51,DC4,0,0,0,0,0,0,0,"[116494, 87375, 0, 0, 3932, 127, 0]"
205,52,DC1,0,0,0,0,0,0,0,"[282110, 211588, 0, 0, 1326, 49, 0]"
206,52,DC2,0,0,0,0,0,0,0,"[169270, 126952, 0, 0, 1326, 49, 0]"
207,52,DC3,0,0,0,0,0,0,0,"[112840, 84635, 0, 0, 3988, 149, 0]"
208,52,DC4,0,0,0,0,0,0,0,"[112840, 84635, 0, 0, 3988, 149, 0]"
209,53,DC1,0,0,0,0,0,0,0,"[316293, 237222, 0, 0, 1346, 57, 0]"
210,53,DC2,0,0,0,0,0,0,0,"[189771, 142331, 0, 0, 1346, 57, 0]"
211,53,DC3,0,0,0,0,0,0,0,"[126510, 94888, 0, 0, 4043, 171, 0]"
212,53,DC4,0,0,0,0,0,0,0,"[126510, 94888, 0, 0, 4043, 171, 0]"
213,54,DC1,0,0,0,0,0,0,0,"[383076, 290036, 0, 0, 1366, 64, 0]"
214,54,DC2,0,0,0,0,0,0,0,"[230792, 174023, 0, 0, 1366, 64, 0]"
215,54,DC3,0,0,0,0,0,0,0,"[154677, 116013, 0, 0, 4098, 194, 0]"
216,54,DC4,0,0,0,0,0,0,0,"[154677, 116013, 0, 0, 4098, 194, 0]"
217,55,DC1,0,0,0,0,0,0,0,"[315095, 236326, 0, 0, 1380, 72, 0]"
218,55,DC2,0,0,0,0,0,0,0,"[189057, 141795, 0, 0, 1380, 72, 0]"
219,55,DC3,0,0,0,0,0,0,0,"[126038, 94528, 0, 0, 4147, 218, 0]"
220,55,DC4,0,0,0,0,0,0,0,"[126038, 94528, 0, 0, 4147, 218, 0]"
221,56,DC1,0,0,0,0,0,0,0,"[336873, 252655, 0, 0, 1394, 81, 0]"
222,56,DC2,0,0,0,0,0,0,0,"[202115, 151592, 0, 0, 1394, 81, 0]"
223,56,DC3,0,0,0,0,0,0,0,"[134747, 101060, 0, 0, 4188, 243, 0]"
224,56,DC4,0,0,0,0,0,0,0,"[134747, 101060, 0, 0, 4188, 243, 0]"
225,57,DC1,0,0,0,0,0,0,0,"[360034, 270026, 0, 0, 1407, 89, 0]"
226,57,DC2,0,0,0,0,0,0,0,"[216017, 162013, 0, 0, 1407, 89, 0]"
227,57,DC3,0,0,0,0,0,0,0,"[144004, 108009, 0, 0, 4229, 269, 0]"
228,57,DC4,0,0,0,0,0,0,0,"[144004, 108009, 0, 0, 4229, 269, 0]"
229,58,DC1,0,0,0,0,0,0,0,"[383076, 288500, 0, 0, 1421, 98, 0]"
230,58,DC2,0,0,0,0,0,0,0,"[230792, 173101, 0, 0, 1421, 98, 0]"
231,58,DC3,0,0,0,0,0,0,0,"[153862, 115399, 0, 0, 4229, 296, 0]"
232,58,DC4,0,0,0,0,0,0,0,"[153862, 115399, 0, 0, 4229, 296, 0]"
233,59,DC1,0,0,0,0,0,0,0,"[383076, 308148, 0, 0, 1427, 108, 0]"
234,59,DC2,0,0,0,0,0,0,0,"[230792, 184888, 0, 0, 1427, 108, 0]"
235,59,DC3,0,0,0,0,0,0,0,"[164338, 123259, 0, 0, 4229, 324, 0]"
236,59,DC4,0,0,0,0,0,0,0,"[164338, 123259, 0, 0, 4229, 324, 0]"
237,60,DC1,0,0,0,0,0,0,0,"[383076, 308148, 0, 0, 1440, 108, 0]"
238,60,DC2,0,0,0,0,0,0,0,"[230792, 206823, 0, 0, 1440, 108, 0]"
239,60,DC3,0,0,0,0,0,0,0,"[183840, 123494, 0, 0, 4229, 353, 0]"
240,60,DC4,0,0,0,0,0,0,0,"[183840, 123494, 0, 0, 4229, 353, 0]"
241,61,DC1,0,911,0,0,0,19,0,"[383076, 357463, 0, 0, 1445, 127, 0]"
242,61,DC2,0,0,0,0,0,19,0,"[230792, 213708, 0, 0, 1445, 127, 0]"
243,61,DC3,0,0,75,0,0,43,0,"[190637, 123494, 0, 0, 4229, 383, 0]"
244,61,DC4,0,0,0,0,0,0,0,"[190637, 123494, 0, 0, 4229, 383, 0]"
245,62,DC1,0,0,0,0,0,0,0,"[383076, 370589, 0, 0, 1450, 138, 0]"
246,62,DC2,0,0,0,0,0,0,0,"[230792, 213708, 0, 0, 1450, 138, 0]"
247,62,DC3,0,0,0,0,0,0,0,"[197642, 123494, 0, 0, 4229, 414, 0]"
248,62,DC4,0,0,0,0,0,0,0,"[197642, 123494, 0, 0, 4229, 414, 0]"
249,63,DC1,0,0,0,0,0,0,0,"[383076, 338908, 0, 0, 1455, 148, 0]"
250,63,DC2,0,0,0,0,0,0,0,"[230792, 203345, 0, 0, 1455, 148, 0]"
251,63,DC3,0,0,0,0,0,0,0,"[180747, 123494, 0, 0, 4229, 446, 0]"
252,63,DC4,0,0,0,0,0,0,0,"[180747, 123494, 0, 0, 4229, 446, 0]"
253,64,DC1,0,0,0,0,0,0,0,"[383076, 327075, 0, 0, 1452, 159, 0]"
254,64,DC2,0,0,0,0,0,0,0,"[230792, 196243, 0, 0, 1452, 159, 0]"
255,64,DC3,0,0,0,0,0,0,0,"[174438, 123494, 0, 0, 4229, 479, 0]"
256,64,DC4,0,0,0,0,0,0,0,"[174438, 123494, 0, 0, 4229, 479, 0]"
257,65,DC1,0,0,0,0,0,0,0,"[383076, 365404, 0, 0, 1456, 171, 0]"
258,65,DC2,0,0,0,0,0,0,0,"[230792, 213708, 0, 0, 1456, 171, 0]"
259,65,DC3,0,0,0,0,0,0,0,"[194870, 123494, 0, 0, 4229, 513, 0]"
260,65,DC4,0,0,0,0,0,0,0,"[194870, 123494, 0, 0, 4229, 513, 0]"
261,66,DC1,0,0,0,0,0,0,0,"[383076, 376510, 0, 0, 1452, 183, 0]"
262,66,DC2,0,0,0,0,0,0,0,"[230792, 213708, 0, 0, 1452, 183, 0]"
263,66,DC3,0,0,0,0,0,0,0,"[203880, 123494, 0, 0, 4229, 549, 0]"
264,66,DC4,0,0,0,0,0,0,0,"[203880, 123494, 0, 0, 4229, 549, 0]"
265,67,DC1,0,0,0,0,0,0,0,"[383076, 361582, 0, 0, 1440, 195, 0]"
266,67,DC2,0,0,0,0,0,0,0,"[230792, 213708, 0, 0, 1440, 195, 0]"
267,67,DC3,0,0,0,0,0,0,0,"[192839, 123494, 0, 0, 4229, 586, 0]"
268,67,DC4,0,0,0,0,0,0,0,"[192839, 123494, 0, 0, 4229, 586, 0]"
269,68,DC1,0,0,0,0,0,0,0,"[383076, 376510, 0, 0, 1434, 208, 0]"
270,68,DC2,0,0,0,0,0,0,0,"[230792, 213708, 0, 0, 1434, 208, 0]"
271,68,DC3,0,0,0,0,0,0,0,"[203880, 123494, 0, 0, 4229, 624, 0]"
272,68,DC4,0,0,0,0,0,0,0,"[203880, 123494, 0, 0, 4229, 624, 0]"
273,69,DC1,0,0,0,0,0,0,0,"[383076, 376510, 0, 0, 1421, 221, 0]"
274,69,DC2,0,0,0,0,0,0,0,"[230792, 213708, 0, 0, 1421, 221, 0]"
275,69,DC3,0,0,0,0,0,0,0,"[203880, 123494, 0, 0, 4229, 663, 0]"
276,69,DC4,0,0,0,0,0,0,0,"[203880, 123494, 0, 0, 4229, 663, 0]"
277,70,DC1,0,0,0,0,0,0,0,"[383076, 376510, 0, 0, 1407, 234, 0]"
278,70,DC2,0,0,0,0,0,0,0,"[230792, 213708, 0, 0, 1407, 234, 0]"
279,70,DC3,0,0,0,0,0,0,0,"[203880, 123494, 0, 0, 4229, 703, 0]"
280,70,DC4,0,0,0,0,0,0,0,"[203880, 123494, 0, 0, 4229, 703, 0]"
281,71,DC1,0,0,0,0,0,0,0,"[383076, 376510, 0, 0, 1391, 248, 0]"
282,71,DC2,0,0,0,0,0,0,0,"[230792, 213708, 0, 0, 1391, 248, 0]"
283,71,DC3,0,0,0,0,0,0,0,"[203880, 123494, 0, 0, 4181, 703, 0]"
284,71,DC4,0,0,0,0,0,0,0,"[203880, 123494, 0, 0, 4181, 703, 0]"
285,72,DC1,0,0,0,0,0,0,0,"[383076, 376510, 0, 0, 1375, 263, 0]"
286,72,DC2,0,0,0,0,0,0,0,"[230792, 213708, 0, 0, 1375, 263, 0]"
287,72,DC3,0,0,0,0,0,0,0,"[203880, 103906, 0, 0, 4125, 703, 0]"
288,72,DC4,0,0,0,0,0,0,0,"[203880, 103906, 0, 0, 4125, 703, 0]"
289,73,DC1,0,0,430,0,0,59,13,"[383076, 376510, 19626, 0, 1365, 280, 0]"
290,73,DC2,0,0,246,0,0,49,13,"[230792, 213708, 11776, 0, 1365, 280, 0]"
291,73,DC3,0,0,190,0,0,0,0,"[203880, 100292, 7850, 0, 4095, 703, 0]"
292,73,DC4,0,0,0,0,0,0,0,"[203880, 100292, 7850, 0, 4095, 703, 0]"
293,74,DC1,0,0,0,0,0,0,0,"[383076, 376510, 24190, 0, 1361, 297, 0]"
294,74,DC2,0,0,0,0,0,0,0,"[230792, 213708, 14514, 0, 1361, 297, 0]"
295,74,DC3,0,0,0,0,0,0,0,"[203880, 102465, 9676, 0, 4099, 703, 0]"
296,74,DC4,0,0,0,0,0,0,0,"[203880, 102465, 9676, 0, 4099, 703, 0]"
297,75,DC1,0,0,0,0,0,0,0,"[383076, 376510, 25524, 0, 1357, 314, 0]"
298,75,DC2,0,0,0,0,0,0,0,"[230792, 213708, 15314, 0, 1357, 314, 0]"
299,75,DC3,0,0,0,0,0,0,0,"[189180, 92338, 10209, 0, 4087, 703, 0]"
300,75,DC4,0,0,0,0,0,0,0,"[189180, 92338, 10209, 0, 4087, 703, 0]"
301,76,DC1,0,0,0,0,0,0,0,"[383076, 376510, 27814, 0, 1352, 332, 0]"
302,76,DC2,0,0,0,0,0,0,0,"[230792, 213708, 16688, 0, 1352, 332, 0]"
303,76,DC3,0,0,0,0,0,0,0,"[169100, 87806, 11125, 0, 4073, 703, 0]"
304,76,DC4,0,0,0,0,0,0,0,"[169100, 87806, 11125, 0, 4073, 703, 0]"
305,77,DC1,0,0,0,0,0,0,0,"[383076, 376510, 34518, 0, 1347, 351, 0]"
306,77,DC2,0,0,0,0,0,0,0,"[230792, 213708, 20711, 0, 1347, 351, 0]"
307,77,DC3,0,0,0,0,0,0,0,"[173958, 96650, 13807, 0, 4050, 703, 0]"
308,77,DC4,0,0,0,0,0,0,0,"[173958, 96650, 13807, 0, 4050, 703, 0]"
309,78,DC1,0,0,0,0,0,0,0,"[383076, 376510, 46129, 0, 1333, 370, 0]"
310,78,DC2,0,0,0,0,0,0,0,"[230792, 213708, 27677, 0, 1333, 370, 0]"
311,78,DC3,0,0,0,0,0,0,0,"[193845, 116019, 18451, 0, 4017, 703, 0]"
312,78,DC4,0,0,0,0,0,0,0,"[193845, 116019, 18451, 0, 4017, 703, 0]"
313,79,DC1,0,0,0,0,0,0,0,"[356969, 376510, 40669, 0, 1319, 391, 0]"
314,79,DC2,0,0,0,0,0,0,0,"[214184, 213708, 24401, 0, 1319, 391, 0]"
315,79,DC3,0,0,0,0,0,0,0,"[142784, 92815, 16267, 0, 3965, 703, 0]"
316,79,DC4,0,0,0,0,0,0,0,"[142784, 92815, 16267, 0, 3965, 703, 0]"
317,80,DC1,0,0,0,0,0,0,0,"[341616, 376510, 46656, 0, 1304, 412, 0]"
318,80,DC2,0,0,0,0,0,0,0,"[204960, 213708, 27993, 0, 1304, 412, 0]"
319,80,DC3,0,0,0,0,0,0,0,"[136640, 97424, 18662, 0, 3912, 703, 0]"
320,80,DC4,0,0,0,0,0,0,0,"[136640, 97424, 18662, 0, 3912, 703, 0]"
321,81,DC1,0,0,0,0,0,0,0,"[383076, 376510, 53140, 0, 1456, 434, 0]"
322,81,DC2,0,0,0,0,0,0,0,"[230792, 213708, 31884, 0, 1456, 434, 0]"
323,81,DC3,0,0,0,0,0,0,0,"[32282, 102228, 21256, 0, 959, 703, 0]"
324,81,DC4,0,0,0,0,0,0,0,"[32282, 102228, 21256, 0, 959, 703, 0]"
325,82,DC1,0,0,0,0,0,0,0,"[383076, 376510, 60157, 0, 1456, 457, 0]"
326,82,DC2,0,0,0,0,0,0,0,"[225192, 213708, 36094, 0, 1456, 457, 0]"
327,82,DC3,0,0,0,0,0,0,0,"[30024, 107235, 24062, 0, 936, 703, 0]"
328,82,DC4,0,0,0,0,0,0,0,"[30024, 107235, 24062, 0, 936, 703, 0]"
329,83,DC1,0,0,0,0,0,0,0,"[383076, 376510, 67742, 0, 1456, 481, 0]"
330,83,DC2,0,0,0,0,0,0,0,"[205134, 213708, 40645, 0, 1456, 481, 0]"
331,83,DC3,0,0,0,0,0,0,0,"[27352, 112450, 27095, 0, 913, 703, 0]"
332,83,DC4,0,0,0,0,0,0,0,"[27352, 112450, 27095, 0, 913, 703, 0]"
333,84,DC1,0,0,0,0,0,0,0,"[380620, 376510, 67742, 0, 1456, 659, 0]"
334,84,DC2,0,0,0,0,0,0,0,"[190302, 213708, 47730, 0, 1456, 608, 0]"
335,84,DC3,0,0,0,0,0,0,0,"[25372, 123494, 23865, 0, 882, 380, 0]"
336,84,DC4,0,0,0,0,0,0,0,"[25372, 123494, 23865, 0, 882, 380, 0]"
337,85,DC1,0,0,0,0,38,0,0,"[314287, 376510, 67742, 0, 1695, 692, 0]"
338,85,DC2,0,0,0,0,0,0,0,"[157143, 213708, 47730, 0, 1456, 639, 0]"
339,85,DC3,0,0,0,0,0,0,0,"[20952, 123494, 25883, 0, 850, 400, 0]"
340,85,DC4,0,0,0,0,0,0,0,"[20952, 123494, 25883, 0, 850, 400, 0]"
341,86,DC1,0,0,0,0,0,0,0,"[324331, 376510, 67742, 0, 1767, 713, 0]"
342,86,DC2,0,0,0,0,0,0,0,"[162174, 213708, 47730, 0, 1456, 658, 0]"
343,86,DC3,0,0,0,0,0,0,0,"[21620, 123494, 28286, 0, 885, 412, 0]"
344,86,DC4,0,0,0,0,0,0,0,"[21620, 123494, 28286, 0, 885, 412, 0]"
345,87,DC1,0,0,0,0,0,0,0,"[295295, 376510, 67742, 0, 1767, 735, 0]"
346,87,DC2,0,0,0,0,0,0,0,"[147639, 213708, 47730, 0, 1456, 658, 0]"
347,87,DC3,0,0,0,0,0,0,0,"[19683, 108280, 27155, 0, 922, 424, 0]"
348,87,DC4,0,0,0,0,0,0,0,"[19683, 108280, 27155, 0, 922, 424, 0]"
349,88,DC1,0,0,0,0,0,0,0,"[283773, 376510, 67742, 0, 1767, 735, 0]"
350,88,DC2,0,0,0,0,0,0,0,"[141878, 213708, 47730, 0, 1456, 658, 0]"
351,88,DC3,0,0,0,0,0,0,0,"[18915, 99319, 27409, 0, 961, 437, 0]"
352,88,DC4,0,0,0,0,0,0,0,"[18915, 99319, 27409, 0, 961, 437, 0]"
353,89,DC1,0,0,0,0,0,0,0,"[315674, 376510, 67742, 0, 1767, 735, 0]"
354,89,DC2,0,0,0,0,0,0,0,"[157841, 213708, 47730, 0, 1456, 658, 0]"
355,89,DC3,0,0,0,0,0,0,0,"[21044, 105231, 31923, 0, 1001, 450, 0]"
356,89,DC4,0,0,0,0,0,0,0,"[21044, 105231, 31923, 0, 1001, 450, 0]"
357,90,DC1,0,0,0,0,0,0,0,"[383076, 376510, 67742, 0, 1767, 735, 0]"
358,90,DC2,0,0,0,0,0,0,0,"[191542, 213708, 47730, 0, 1456, 658, 0]"
359,90,DC3,0,0,0,0,0,0,0,"[25537, 121311, 31923, 0, 1041, 463, 0]"
360,90,DC4,0,0,0,0,0,0,0,"[25537, 121311, 31923, 0, 1041, 463, 0]"
361,91,DC1,0,0,0,0,0,0,0,"[309855, 376510, 67742, 0, 1767, 735, 0]"
362,91,DC2,0,0,0,0,0,0,0,"[154927, 213708, 47730, 0, 1456, 658, 0]"
363,91,DC3,0,0,0,0,0,0,0,"[20657, 92963, 31923, 0, 1085, 477, 0]"
364,91,DC4,0,0,0,0,0,0,0,"[20657, 92963, 31923, 0, 1085, 477, 0]"
365,92,DC1,0,0,0,0,0,0,0,"[328936, 376510, 67742, 0, 1767, 735, 0]"
366,92,DC2,0,0,0,0,0,0,0,"[164473, 213708, 47730, 0, 1456, 658, 0]"
367,92,DC3,0,0,0,0,0,0,0,"[21928, 93200, 31923, 0, 1131, 492, 0]"
368,92,DC4,0,0,0,0,0,0,0,"[21928, 93200, 31923, 0, 1131, 492, 0]"
369,93,DC1,0,0,0,0,0,0,0,"[349140, 376510, 67742, 0, 1767, 735, 0]"
370,93,DC2,0,0,0,0,0,0,0,"[174561, 213708, 47730, 0, 1456, 658, 0]"
371,93,DC3,0,0,0,0,0,0,0,"[23273, 93106, 31923, 0, 1167, 502, 0]"
372,93,DC4,0,0,0,0,0,0,0,"[23273, 93106, 31923, 0, 1167, 502, 0]"
373,94,DC1,0,0,0,0,0,0,0,"[370548, 376510, 67742, 0, 1767, 735, 0]"
374,94,DC2,0,0,0,0,0,0,0,"[185274, 213708, 47730, 0, 1456, 658, 0]"
375,94,DC3,0,0,0,0,0,0,0,"[24703, 92637, 31923, 0, 1203, 512, 0]"
376,94,DC4,0,0,0,0,0,0,0,"[24703, 92637, 31923, 0, 1203, 512, 0]"
377,95,DC1,0,0,0,0,0,0,0,"[383076, 376510, 67742, 0, 1767, 735, 0]"
378,95,DC2,0,0,0,0,0,0,0,"[196602, 213708, 47730, 0, 1456, 658, 0]"
379,95,DC3,0,0,0,0,0,0,0,"[26210, 91751, 31923, 0, 1239, 522, 0]"
380,95,DC4,0,0,0,0,0,0,0,"[26210, 91751, 31923, 0, 1239, 522, 0]"
381,96,DC1,0,0,0,0,0,0,0,"[383076, 376510, 67742, 0, 1767, 735, 0]"
382,96,DC2,0,0,0,0,0,0,0,"[218544, 213708, 47730, 0, 1456, 658, 0]"
383,96,DC3,0,0,0,0,0,0,0,"[29135, 94701, 31923, 0, 1276, 532, 0]"
384,96,DC4,0,0,0,0,0,0,0,"[29135, 94701, 31923, 0, 1276, 532, 0]"
385,97,DC1,0,2321,0,0,0,29,0,"[247151, 550653, 67742, 0, 1309, 941, 90]"
386,97,DC2,0,350,0,0,0,29,0,"[98932, 239981, 47730, 0, 1134, 868, 90]"
387,97,DC3,0,0,368,0,0,0,116,"[30031, 90093, 60373, 0, 657, 543, 271]"
388,97,DC4,0,0,0,0,0,0,0,"[30031, 90093, 60373, 0, 657, 543, 271]"
389,98,DC1,0,0,0,0,0,0,0,"[247151, 550653, 67742, 0, 1234, 945, 111]"
390,98,DC2,0,0,0,0,0,0,0,"[98932, 239981, 47730, 0, 1070, 872, 111]"
391,98,DC3,0,0,0,0,0,0,0,"[28366, 90265, 62764, 0, 622, 545, 334]"
392,98,DC4,0,0,0,0,0,0,0,"[28366, 90265, 62764, 0, 622, 545, 334]"
393,99,DC1,0,0,0,0,0,0,0,"[247151, 550653, 67742, 0, 1158, 949, 111]"
394,99,DC2,0,0,0,0,0,0,0,"[98932, 239169, 47730, 0, 1003, 876, 111]"
395,99,DC3,0,0,0,0,0,0,0,"[23448, 79722, 57554, 0, 581, 547, 400]"
396,99,DC4,0,0,0,0,0,0,0,"[23448, 79722, 57554, 0, 581, 547, 400]"
397,100,DC1,0,0,0,0,0,0,0,"[247151, 550653, 67742, 0, 1080, 951, 111]"
398,100,DC2,0,0,0,0,0,0,0,"[98932, 222755, 47730, 0, 936, 878, 111]"
399,100,DC3,0,0,0,0,0,0,0,"[20250, 74250, 55689, 0, 540, 549, 468]"
400,100,DC4,0,0,0,0,0,0,0,"[20250, 74250, 55689, 0, 540, 549, 468]"
401,101,DC1,0,0,0,0,0,0,0,"[247151, 550653, 67742, 0, 984, 955, 111]"
402,101,DC2,0,0,0,0,0,0,0,"[98932, 239981, 47730, 0, 853, 882, 111]"
403,101,DC3,0,0,0,0,0,0,0,"[19998, 79994, 62371, 0, 494, 551, 539]"
404,101,DC4,0,0,0,0,0,0,0,"[19998, 79994, 62371, 0, 494, 551, 539]"
405,102,DC1,0,0,0,0,0,0,0,"[247151, 550653, 67742, 0, 887, 958, 111]"
406,102,DC2,0,0,0,0,0,0,0,"[98932, 239981, 47730, 0, 769, 884, 111]"
407,102,DC3,0,0,0,0,0,0,0,"[21205, 93913, 76182, 0, 443, 553, 612]"
408,102,DC4,0,0,0,0,0,0,0,"[21205, 93913, 76182, 0, 443, 553, 612]"
409,103,DC1,0,0,0,0,0,0,0,"[220255, 550653, 67742, 0, 772, 960, 111]"
410,103,DC2,0,0,0,0,0,0,0,"[98932, 220260, 47730, 0, 669, 886, 111]"
411,103,DC3,0,0,0,0,0,0,0,"[14682, 73418, 62014, 0, 391, 554, 688]"
412,103,DC4,0,0,0,0,0,0,0,"[14682, 73418, 62014, 0, 391, 554, 688]"
413,104,DC1,0,0,0,0,0,0,0,"[194594, 550653, 67742, 0, 670, 963, 111]"
414,104,DC2,0,0,0,0,0,0,0,"[97292, 225732, 47730, 0, 581, 889, 111]"
415,104,DC3,0,0,0,0,0,0,0,"[12968, 75244, 66238, 0, 338, 555, 767]"
416,104,DC4,0,0,0,0,0,0,0,"[12968, 75244, 66238, 0, 338, 555, 767]"
417,105,DC1,0,0,0,0,0,0,0,"[165028, 550653, 67742, 0, 551, 964, 111]"
418,105,DC2,0,0,0,0,0,0,0,"[82503, 231047, 47730, 0, 477, 890, 111]"
419,105,DC3,0,0,0,0,0,0,0,"[10998, 77014, 70729, 0, 278, 557, 848]"
420,105,DC4,0,0,0,0,0,0,0,"[10998, 77014, 70729, 0, 278, 557, 848]"
421,106,DC1,0,0,0,0,0,0,0,"[131175, 550653, 67742, 0, 429, 967, 111]"
422,106,DC2,0,0,0,0,0,0,0,"[65587, 236162, 47730, 0, 372, 892, 111]"
423,106,DC3,0,0,0,0,0,0,0,"[8745, 78720, 75504, 0, 214, 558, 933]"
424,106,DC4,0,0,0,0,0,0,0,"[8745, 78720, 75504, 0, 214, 558, 933]"
425,107,DC1,0,0,0,0,0,0,0,"[92704, 550653, 67742, 0, 288, 967, 111]"
426,107,DC2,0,0,0,0,0,0,0,"[46330, 239981, 47730, 0, 250, 892, 111]"
427,107,DC3,0,0,0,0,0,0,0,"[6179, 80346, 76182, 0, 147, 558, 933]"
428,107,DC4,0,0,0,0,0,0,0,"[6179, 80346, 76182, 0, 147, 558, 933]"
429,108,DC1,0,0,0,0,0,0,0,"[51451, 550653, 67742, 0, 145, 967, 111]"
430,108,DC2,0,0,0,0,0,0,0,"[25730, 239981, 47730, 0, 126, 892, 111]"
431,108,DC3,0,0,0,0,0,0,0,"[3429, 85776, 76182, 0, 75, 559, 933]"
432,108,DC4,0,0,0,0,0,0,0,"[3429, 85776, 76182, 0, 75, 559, 933]"
433,109,DC1,0,0,2150,838,0,0,69,"[0, 550653, 325857, 38885, 0, 969, 402]"
434,109,DC2,0,0,945,503,0,0,69,"[0, 239981, 161170, 23331, 0, 895, 402]"
435,109,DC3,0,0,36,1184,0,0,415,"[0, 84769, 80585, 15554, 0, 559, 1206]"
436,109,DC4,0,0,0,0,0,0,0,"[0, 84769, 80585, 15554, 0, 559, 1206]"
437,110,DC1,0,0,0,0,0,0,0,"[0, 550653, 325857, 47926, 0, 969, 424]"
438,110,DC2,0,0,0,0,0,0,0,"[0, 239981, 161170, 28756, 0, 895, 424]"
439,110,DC3,0,0,0,0,0,0,0,"[0, 83622, 80585, 19170, 0, 560, 1274]"
440,110,DC4,0,0,0,0,0,0,0,"[0, 83622, 80585, 19170, 0, 560, 1274]"
441,111,DC1,0,0,0,0,0,0,0,"[0, 544821, 313242, 50571, 0, 969, 448]"
442,111,DC2,0,0,0,0,0,0,0,"[0, 217926, 144573, 30342, 0, 895, 448]"
443,111,DC3,0,0,0,0,0,0,0,"[0, 72641, 72286, 20228, 0, 560, 1344]"
444,111,DC4,0,0,0,0,0,0,0,"[0, 72641, 72286, 20228, 0, 560, 1344]"
445,112,DC1,0,0,0,0,0,0,0,"[0, 498506, 292069, 55107, 0, 969, 472]"
446,112,DC2,0,0,0,0,0,0,0,"[0, 199404, 134801, 33064, 0, 895, 472]"
447,112,DC3,0,0,0,0,0,0,0,"[0, 66466, 67400, 22043, 0, 559, 1416]"
448,112,DC4,0,0,0,0,0,0,0,"[0, 66466, 67400, 22043, 0, 559, 1416]"
449,113,DC1,0,0,0,0,0,0,0,"[0, 526907, 315214, 68390, 0, 968, 497]"
450,113,DC2,0,0,0,0,0,0,0,"[0, 210761, 145484, 41034, 0, 894, 497]"
451,113,DC3,0,0,0,0,0,0,0,"[0, 70254, 72741, 27356, 0, 559, 1491]"
452,113,DC4,0,0,0,0,0,0,0,"[0, 70254, 72741, 27356, 0, 559, 1491]"
453,114,DC1,0,0,0,0,0,0,0,"[0, 550653, 325857, 91393, 0, 968, 523]"
454,114,DC2,0,0,0,0,0,0,0,"[0, 239981, 161170, 54836, 0, 894, 523]"
455,114,DC3,0,0,0,0,0,0,0,"[0, 80797, 80585, 36557, 0, 558, 1569]"
456,114,DC4,0,0,0,0,0,0,0,"[0, 80797, 80585, 36557, 0, 558, 1569]"
457,115,DC1,0,0,0,0,0,0,0,"[0, 463309, 290967, 80575, 0, 965, 549]"
458,115,DC2,0,0,0,0,0,0,0,"[0, 185322, 134293, 48345, 0, 891, 549]"
459,115,DC3,0,0,0,0,0,0,0,"[0, 61772, 67146, 32230, 0, 557, 1649]"
460,115,DC4,0,0,0,0,0,0,0,"[0, 61772, 67146, 32230, 0, 557, 1649]"
461,116,DC1,0,0,0,0,0,0,0,"[0, 463440, 299405, 92438, 0, 964, 577]"
462,116,DC2,0,0,0,0,0,0,0,"[0, 185373, 138187, 55463, 0, 890, 577]"
463,116,DC3,0,0,0,0,0,0,0,"[0, 61790, 69093, 36975, 0, 556, 1731]"
464,116,DC4,0,0,0,0,0,0,0,"[0, 61790, 69093, 36975, 0, 556, 1731]"
465,117,DC1,0,0,0,0,0,0,0,"[0, 461933, 307960, 105285, 0, 962, 605]"
466,117,DC2,0,0,0,0,0,0,0,"[0, 184772, 142135, 63171, 0, 888, 605]"
467,117,DC3,0,0,0,0,0,0,0,"[0, 61591, 71067, 42114, 0, 555, 1816]"
468,117,DC4,0,0,0,0,0,0,0,"[0, 61591, 71067, 42114, 0, 555, 1816]"
469,118,DC1,0,0,0,0,0,0,0,"[0, 458607, 316621, 119186, 0, 958, 634]"
470,118,DC2,0,0,0,0,0,0,0,"[0, 183442, 146133, 71512, 0, 884, 634]"
471,118,DC3,0,0,0,0,0,0,0,"[0, 61147, 73066, 47674, 0, 553, 1904]"
472,118,DC4,0,0,0,0,0,0,0,"[0, 61147, 73066, 47674, 0, 553, 1904]"
473,119,DC1,0,0,0,0,0,0,0,"[0, 453238, 325379, 134214, 0, 955, 665]"
474,119,DC2,0,0,0,0,0,0,0,"[0, 181296, 150175, 80528, 0, 882, 665]"
475,119,DC3,0,0,0,0,0,0,0,"[0, 60431, 75087, 53685, 0, 551, 1995]"
476,119,DC4,0,0,0,0,0,0,0,"[0, 60431, 75087, 53685, 0, 551, 1995]"
477,120,DC1,0,0,0,0,0,0,0,"[0, 466848, 325857, 134214, 0, 950, 665]"
478,120,DC2,0,0,0,0,0,0,0,"[0, 186738, 161170, 80528, 0, 877, 665]"
479,120,DC3,0,0,0,0,0,0,0,"[0, 62244, 80585, 63044, 0, 548, 2088]"
480,120,DC4,0,0,0,0,0,0,0,"[0, 62244, 80585, 63044, 0, 548, 2088]"
481,121,DC1,0,0,0,2121,0,12,209,"[0, 443213, 325857, 170938, 0, 946, 728]"
482,121,DC2,0,0,0,1277,0,12,186,"[0, 177283, 161170, 102563, 0, 873, 728]"
483,121,DC3,0,0,0,0,0,0,0,"[0, 58242, 80585, 68375, 0, 546, 2185]"
484,121,DC4,0,0,0,0,0,0,0,"[0, 58242, 80585, 68375, 0, 546, 2185]"
485,122,DC1,0,0,0,0,0,0,0,"[0, 436821, 325857, 186811, 0, 949, 755]"
486,122,DC2,0,0,0,0,0,0,0,"[0, 174728, 158167, 112087, 0, 876, 755]"
487,122,DC3,0,0,0,0,0,0,0,"[0, 58242, 79083, 74724, 0, 547, 2265]"
488,122,DC4,0,0,0,0,0,0,0,"[0, 58242, 79083, 74724, 0, 547, 2265]"
489,123,DC1,0,0,0,0,0,0,0,"[0, 379129, 296283, 179339, 0, 951, 783]"
490,123,DC2,0,0,0,0,0,0,0,"[0, 151652, 136746, 107603, 0, 878, 783]"
491,123,DC3,0,0,0,0,0,0,0,"[0, 50549, 68373, 71735, 0, 549, 2349]"
492,123,DC4,0,0,0,0,0,0,0,"[0, 50549, 68373, 71735, 0, 549, 2349]"
493,124,DC1,0,0,0,0,0,0,0,"[0, 346592, 269933, 181020, 0, 954, 811]"
494,124,DC2,0,0,0,0,0,0,0,"[0, 138638, 124584, 108612, 0, 880, 811]"
495,124,DC3,0,0,0,0,0,0,0,"[0, 46211, 62292, 72408, 0, 550, 2434]"
496,124,DC4,0,0,0,0,0,0,0,"[0, 46211, 62292, 72408, 0, 550, 2434]"
497,125,DC1,0,0,0,0,0,0,0,"[0, 366028, 284237, 210835, 0, 955, 840]"
498,125,DC2,0,0,0,0,0,0,0,"[0, 146412, 131186, 126501, 0, 882, 840]"
499,125,DC3,0,0,0,0,0,0,0,"[0, 48803, 65592, 84334, 0, 551, 2522]"
500,125,DC4,0,0,0,0,0,0,0,"[0, 48803, 65592, 84334, 0, 551, 2522]"
501,126,DC1,0,0,0,0,0,0,0,"[0, 420610, 325858, 267058, 0, 958, 871]"
502,126,DC2,0,0,0,0,0,0,0,"[0, 168241, 150396, 160235, 0, 884, 871]"
503,126,DC3,0,0,0,0,0,0,0,"[0, 56079, 75198, 106823, 0, 552, 2613]"
504,126,DC4,0,0,0,0,0,0,0,"[0, 56079, 75198, 106823, 0, 552, 2613]"
505,127,DC1,0,0,0,0,0,0,0,"[0, 321306, 248504, 224891, 0, 959, 902]"
506,127,DC2,0,0,0,0,0,0,0,"[0, 128524, 114694, 134934, 0, 885, 902]"
507,127,DC3,0,0,0,0,0,0,0,"[0, 42840, 57347, 89956, 0, 553, 2706]"
508,127,DC4,0,0,0,0,0,0,0,"[0, 42840, 57347, 89956, 0, 553, 2706]"
509,128,DC1,0,0,0,0,0,0,0,"[0, 321139, 248138, 247942, 0, 960, 934]"
510,128,DC2,0,0,0,0,0,0,0,"[0, 128454, 114525, 148765, 0, 886, 934]"
511,128,DC3,0,0,0,0,0,0,0,"[0, 42819, 57262, 99177, 0, 554, 2802]"
512,128,DC4,0,0,0,0,0,0,0,"[0, 42819, 57262, 99177, 0, 554, 2802]"
513,129,DC1,0,0,0,0,0,0,0,"[0, 319845, 247114, 272737, 0, 960, 967]"
514,129,DC2,0,0,0,0,0,0,0,"[0, 127935, 114053, 163642, 0, 886, 967]"
515,129,DC3,0,0,0,0,0,0,0,"[0, 42644, 57026, 109094, 0, 554, 2901]"
516,129,DC4,0,0,0,0,0,0,0,"[0, 42644, 57026, 109094, 0, 554, 2901]"
517,130,DC1,0,0,0,0,0,0,0,"[0, 317284, 245369, 299390, 0, 960, 1001]"
518,130,DC2,0,0,0,0,0,0,0,"[0, 126912, 113247, 179634, 0, 886, 1001]"
519,130,DC3,0,0,0,0,0,0,0,"[0, 42302, 56623, 119756, 0, 554, 3003]"
520,130,DC4,0,0,0,0,0,0,0,"[0, 42302, 56623, 119756, 0, 554, 3003]"
521,131,DC1,0,0,0,0,0,0,0,"[0, 313329, 242830, 328028, 0, 960, 1035]"
522,131,DC2,0,0,0,0,0,0,0,"[0, 125327, 112076, 196816, 0, 886, 1035]"
523,131,DC3,0,0,0,0,0,0,0,"[0, 41775, 56036, 131211, 0, 554, 3107]"
524,131,DC4,0,0,0,0,0,0,0,"[0, 41775, 56036, 131211, 0, 554, 3107]"
525,132,DC1,0,0,0,0,0,0,0,"[0, 322492, 250827, 375865, 0, 960, 1071]"
526,132,DC2,0,0,0,0,0,0,0,"[0, 128997, 115766, 225519, 0, 886, 1071]"
527,132,DC3,0,0,0,0,0,0,0,"[0, 42999, 57881, 150346, 0, 554, 3214]"
528,132,DC4,0,0,0,0,0,0,0,"[0, 42999, 57881, 150346, 0, 554, 3214]"
529,133,DC1,0,0,0,0,0,0,0,"[0, 242505, 239229, 398718, 0, 958, 1108]"
530,133,DC2,0,0,0,0,0,0,0,"[0, 122373, 110414, 239230, 0, 884, 1108]"
531,133,DC3,0,0,0,0,0,0,0,"[0, 40791, 55206, 159487, 0, 554, 3325]"
532,133,DC4,0,0,0,0,0,0,0,"[0, 40791, 55206, 159487, 0, 554, 3325]"
533,134,DC1,0,0,0,0,0,0,0,"[0, 242505, 244015, 409299, 0, 958, 1165]"
534,134,DC2,0,0,0,0,0,0,0,"[0, 115280, 112622, 245579, 0, 884, 1165]"
535,134,DC3,0,0,0,0,0,0,0,"[0, 38424, 56310, 163719, 0, 553, 3496]"
536,134,DC4,0,0,0,0,0,0,0,"[0, 38424, 56310, 163719, 0, 553, 3496]"
537,135,DC1,0,0,0,0,0,0,0,"[0, 237562, 219612, 370716, 0, 954, 1224]"
538,135,DC2,0,0,0,0,0,0,0,"[0, 95019, 101360, 222429, 0, 880, 1224]"
539,135,DC3,0,0,0,0,0,0,0,"[0, 31674, 50679, 148286, 0, 551, 3674]"
540,135,DC4,0,0,0,0,0,0,0,"[0, 31674, 50679, 148286, 0, 551, 3674]"
541,136,DC1,0,0,0,0,0,0,0,"[0, 204612, 208633, 354409, 0, 950, 1286]"
542,136,DC2,0,0,0,0,0,0,0,"[0, 81844, 96292, 212645, 0, 877, 1286]"
543,136,DC3,0,0,0,0,0,0,0,"[0, 27281, 48145, 141763, 0, 548, 3860]"
544,136,DC4,0,0,0,0,0,0,0,"[0, 27281, 48145, 141763, 0, 548, 3860]"
545,137,DC1,0,0,0,0,0,0,0,"[0, 201544, 229495, 392302, 0, 945, 1351]"
546,137,DC2,0,0,0,0,0,0,0,"[0, 80617, 105921, 235381, 0, 872, 1351]"
547,137,DC3,0,0,0,0,0,0,0,"[0, 26872, 52960, 156920, 0, 545, 4054]"
548,137,DC4,0,0,0,0,0,0,0,"[0, 26872, 52960, 156920, 0, 545, 4054]"
549,138,DC1,0,0,0,0,0,0,0,"[0, 213158, 275395, 473704, 0, 938, 1418]"
550,138,DC2,0,0,0,0,0,0,0,"[0, 85263, 127104, 284222, 0, 866, 1418]"
551,138,DC3,0,0,0,0,0,0,0,"[0, 28421, 63552, 189481, 0, 542, 4256]"
552,138,DC4,0,0,0,0,0,0,0,"[0, 28421, 63552, 189481, 0, 542, 4256]"
553,139,DC1,0,0,0,0,0,0,0,"[0, 147221, 220316, 381317, 0, 930, 1489]"
554,139,DC2,0,0,0,0,0,0,0,"[0, 58887, 101684, 228790, 0, 859, 1489]"
555,139,DC3,0,0,0,0,0,0,0,"[0, 19630, 50841, 152527, 0, 537, 4256]"
556,139,DC4,0,0,0,0,0,0,0,"[0, 19630, 50841, 152527, 0, 537, 4256]"
557,140,DC1,0,0,0,0,0,0,0,"[0, 129748, 231332, 402854, 0, 923, 1562]"
558,140,DC2,0,0,0,0,0,0,0,"[0, 51898, 106768, 241712, 0, 852, 1562]"
559,140,DC3,0,0,0,0,0,0,0,"[0, 17300, 53384, 161141, 0, 532, 4256]"
560,140,DC4,0,0,0,0,0,0,0,"[0, 17300, 53384, 161141, 0, 532, 4256]"
561,141,DC1,0,0,0,0,0,0,0,"[0, 109768, 242897, 425592, 0, 912, 1638]"
562,141,DC2,0,0,0,0,0,0,0,"[0, 43907, 112107, 255355, 0, 842, 1638]"
563,141,DC3,0,0,0,0,0,0,0,"[0, 14635, 56053, 170237, 0, 526, 4256]"
564,141,DC4,0,0,0,0,0,0,0,"[0, 14635, 56053, 170237, 0, 526, 4256]"
565,142,DC1,0,0,0,0,0,0,0,"[0, 87053, 255042, 449597, 0, 900, 2232]"
566,142,DC2,0,0,0,0,0,0,0,"[0, 34818, 117712, 269758, 0, 831, 2060]"
567,142,DC3,0,0,0,0,0,0,0,"[0, 11604, 58856, 179838, 0, 519, 2576]"
568,142,DC4,0,0,0,0,0,0,0,"[0, 11604, 58856, 179838, 0, 519, 2576]"
569,143,DC1,0,0,0,0,0,0,0,"[0, 61368, 267796, 473704, 0, 886, 2340]"
570,143,DC2,0,0,0,0,0,0,0,"[0, 24545, 123598, 284962, 0, 818, 2160]"
571,143,DC3,0,0,0,0,0,0,0,"[0, 8179, 61798, 189481, 0, 512, 2700]"
572,143,DC4,0,0,0,0,0,0,0,"[0, 8179, 61798, 189481, 0, 512, 2700]"
573,144,DC1,0,0,0,0,0,0,0,"[0, 33987, 294576, 473704, 0, 872, 2340]"
574,144,DC2,0,0,0,0,0,0,0,"[0, 13593, 135958, 284962, 0, 805, 2160]"
575,144,DC3,0,0,0,0,0,0,0,"[0, 4528, 67978, 189481, 0, 503, 2829]"
576,144,DC4,0,0,0,0,0,0,0,"[0, 4528, 67978, 189481, 0, 503, 2829]"
577,145,DC1,0,0,0,1733,0,0,152,"[0, 0, 300466, 539300, 0, 855, 2567]"
578,145,DC2,0,0,0,1035,0,0,140,"[0, 0, 138677, 323580, 0, 789, 2370]"
579,145,DC3,0,0,0,458,0,22,0,"[0, 0, 69338, 215720, 0, 493, 2963]"
580,145,DC4,0,0,0,234,0,0,0,"[0, 0, 69338, 215720, 0, 493, 2963]"
581,146,DC1,0,0,0,0,0,0,0,"[0, 0, 297962, 556635, 0, 865, 2659]"
582,146,DC2,0,0,0,0,0,0,0,"[0, 0, 137521, 333981, 0, 799, 2455]"
583,146,DC3,0,0,0,0,0,0,0,"[0, 0, 68760, 222654, 0, 500, 3069]"
584,146,DC4,0,0,0,0,0,0,0,"[0, 0, 68760, 222654, 0, 500, 3069]"
585,147,DC1,0,0,0,0,0,0,0,"[0, 0, 260504, 506865, 0, 868, 2727]"
586,147,DC2,0,0,0,0,0,0,0,"[0, 0, 120233, 304119, 0, 801, 2517]"
587,147,DC3,0,0,0,0,0,0,0,"[0, 0, 60116, 202746, 0, 501, 3147]"
588,147,DC4,0,0,0,0,0,0,0,"[0, 0, 60116, 202746, 0, 501, 3147]"
589,148,DC1,0,0,0,0,0,0,0,"[0, 0, 240201, 487121, 0, 878, 2824]"
590,148,DC2,0,0,0,0,0,0,0,"[0, 0, 110862, 292272, 0, 811, 2607]"
591,148,DC3,0,0,0,0,0,0,0,"[0, 0, 55431, 194848, 0, 507, 3260]"
592,148,DC4,0,0,0,0,0,0,0,"[0, 0, 55431, 194848, 0, 507, 3260]"
593,149,DC1,0,0,0,0,0,0,0,"[0, 0, 256214, 541992, 0, 881, 2896]"
594,149,DC2,0,0,0,0,0,0,0,"[0, 0, 118252, 325195, 0, 813, 2673]"
595,149,DC3,0,0,0,0,0,0,0,"[0, 0, 59126, 216797, 0, 508, 3343]"
596,149,DC4,0,0,0,0,0,0,0,"[0, 0, 59126, 216797, 0, 508, 3343]"
597,150,DC1,0,0,0,0,0,0,0,"[0, 0, 297849, 657782, 0, 891, 3000]"
598,150,DC2,0,0,0,0,0,0,0,"[0, 0, 137469, 394669, 0, 823, 2769]"
599,150,DC3,0,0,0,0,0,0,0,"[0, 0, 68734, 263112, 0, 514, 3462]"
600,150,DC4,0,0,0,0,0,0,0,"[0, 0, 68734, 263112, 0, 514, 3462]"
601,151,DC1,0,0,0,0,0,0,0,"[0, 0, 230592, 532138, 0, 900, 3107]"
602,151,DC2,0,0,0,0,0,0,0,"[0, 0, 106427, 319283, 0, 831, 2868]"
603,151,DC3,0,0,0,0,0,0,0,"[0, 0, 53213, 212855, 0, 520, 3585]"
604,151,DC4,0,0,0,0,0,0,0,"[0, 0, 53213, 212855, 0, 520, 3585]"
605,152,DC1,0,0,0,0,0,0,0,"[0, 0, 234052, 564953, 0, 911, 3217]"
606,152,DC2,0,0,0,0,0,0,0,"[0, 0, 108023, 338972, 0, 841, 2970]"
607,152,DC3,0,0,0,0,0,0,0,"[0, 0, 54011, 225981, 0, 526, 3713]"
608,152,DC4,0,0,0,0,0,0,0,"[0, 0, 54011, 225981, 0, 526, 3713]"
609,153,DC1,0,0,0,0,0,0,0,"[0, 0, 237279, 599719, 0, 912, 3299]"
610,153,DC2,0,0,0,0,0,0,0,"[0, 0, 109514, 359831, 0, 842, 3045]"
611,153,DC3,0,0,0,0,0,0,0,"[0, 0, 54756, 239887, 0, 526, 3807]"
612,153,DC4,0,0,0,0,0,0,0,"[0, 0, 54756, 239887, 0, 526, 3807]"
613,154,DC1,0,0,0,0,0,0,0,"[0, 0, 240246, 636550, 0, 912, 3382]"
614,154,DC2,0,0,0,0,0,0,0,"[0, 0, 110883, 381930, 0, 842, 3122]"
615,154,DC3,0,0,0,0,0,0,0,"[0, 0, 55441, 254620, 0, 526, 3904]"
616,154,DC4,0,0,0,0,0,0,0,"[0, 0, 55441, 254620, 0, 526, 3904]"
617,155,DC1,0,0,0,0,0,0,0,"[0, 0, 242915, 675564, 0, 912, 3468]"
618,155,DC2,0,0,0,0,0,0,0,"[0, 0, 112115, 405338, 0, 842, 3201]"
619,155,DC3,0,0,0,0,0,0,0,"[0, 0, 56057, 270225, 0, 526, 4003]"
620,155,DC4,0,0,0,0,0,0,0,"[0, 0, 56057, 270225, 0, 526, 4003]"
621,156,DC1,0,0,0,0,0,0,0,"[0, 0, 256928, 751026, 0, 912, 3556]"
622,156,DC2,0,0,0,0,0,0,0,"[0, 0, 118583, 450616, 0, 842, 3283]"
623,156,DC3,0,0,0,0,0,0,0,"[0, 0, 59291, 300410, 0, 526, 4105]"
624,156,DC4,0,0,0,0,0,0,0,"[0, 0, 59291, 300410, 0, 526, 4105]"
625,157,DC1,0,0,0,1263,0,13,206,"[0, 0, 251584, 774111, 0, 911, 3647]"
626,157,DC2,0,0,0,758,0,14,190,"[0, 0, 116116, 464466, 0, 841, 3367]"
627,157,DC3,0,0,0,0,0,0,81,"[0, 0, 58058, 309644, 0, 526, 4209]"
628,157,DC4,0,0,0,505,0,43,137,"[0, 0, 58058, 309644, 0, 526, 4209]"
629,158,DC1,0,0,0,0,0,0,0,"[0, 0, 256617, 789593, 0, 899, 3796]"
630,158,DC2,0,0,0,0,0,0,0,"[0, 0, 118439, 473756, 0, 830, 3504]"
631,158,DC3,0,0,0,0,0,0,0,"[0, 0, 59219, 315837, 0, 519, 4380]"
632,158,DC4,0,0,0,0,0,0,0,"[0, 0, 59219, 315837, 0, 519, 4380]"
633,159,DC1,0,0,0,0,0,0,0,"[0, 0, 230955, 710634, 0, 886, 3949]"
634,159,DC2,0,0,0,0,0,0,0,"[0, 0, 106595, 426380, 0, 818, 3645]"
635,159,DC3,0,0,0,0,0,0,0,"[0, 0, 53297, 284253, 0, 511, 4558]"
636,159,DC4,0,0,0,0,0,0,0,"[0, 0, 53297, 284253, 0, 511, 4558]"
637,160,DC1,0,0,0,0,0,0,0,"[0, 0, 219407, 675102, 0, 871, 4110]"
638,160,DC2,0,0,0,0,0,0,0,"[0, 0, 101265, 405061, 0, 804, 3794]"
639,160,DC3,0,0,0,0,0,0,0,"[0, 0, 50632, 270040, 0, 503, 4743]"
640,160,DC4,0,0,0,0,0,0,0,"[0, 0, 50632, 270040, 0, 503, 4743]"
641,161,DC1,0,0,0,0,0,0,0,"[0, 0, 241348, 742612, 0, 846, 4234]"
642,161,DC2,0,0,0,0,0,0,0,"[0, 0, 111391, 445567, 0, 781, 3908]"
643,161,DC3,0,0,0,0,0,0,0,"[0, 0, 55695, 297045, 0, 488, 4886]"
644,161,DC4,0,0,0,0,0,0,0,"[0, 0, 55695, 297045, 0, 488, 4886]"
645,162,DC1,0,0,0,0,0,0,0,"[0, 0, 289617, 891135, 0, 820, 4362]"
646,162,DC2,0,0,0,0,0,0,0,"[0, 0, 133670, 534681, 0, 757, 4027]"
647,162,DC3,0,0,0,0,0,0,0,"[0, 0, 66834, 356454, 0, 473, 5034]"
648,162,DC4,0,0,0,0,0,0,0,"[0, 0, 66834, 356454, 0, 473, 5034]"
649,163,DC1,0,0,0,0,0,0,0,"[0, 0, 231695, 712908, 0, 793, 4494]"
650,163,DC2,0,0,0,0,0,0,0,"[0, 0, 106936, 427744, 0, 732, 4148]"
651,163,DC3,0,0,0,0,0,0,0,"[0, 0, 53467, 285163, 0, 457, 5185]"
652,163,DC4,0,0,0,0,0,0,0,"[0, 0, 53467, 285163, 0, 457, 5185]"
653,164,DC1,0,0,0,0,0,0,0,"[0, 0, 243279, 748553, 0, 763, 4629]"
654,164,DC2,0,0,0,0,0,0,0,"[0, 0, 112283, 449132, 0, 704, 4273]"
655,164,DC3,0,0,0,0,0,0,0,"[0, 0, 56141, 299421, 0, 440, 5341]"
656,164,DC4,0,0,0,0,0,0,0,"[0, 0, 56141, 299421, 0, 440, 5341]"
657,165,DC1,0,0,0,0,0,0,0,"[0, 0, 255443, 785981, 0, 733, 4767]"
658,165,DC2,0,0,0,0,0,0,0,"[0, 0, 117897, 471588, 0, 676, 4400]"
659,165,DC3,0,0,0,0,0,0,0,"[0, 0, 58948, 314392, 0, 423, 5501]"
660,165,DC4,0,0,0,0,0,0,0,"[0, 0, 58948, 314392, 0, 423, 5501]"
661,166,DC1,0,0,0,0,0,0,0,"[0, 0, 268216, 825280, 0, 700, 4908]"
662,166,DC2,0,0,0,0,0,0,0,"[0, 0, 123791, 495168, 0, 646, 4531]"
663,166,DC3,0,0,0,0,0,0,0,"[0, 0, 61895, 330112, 0, 404, 5665]"
664,166,DC4,0,0,0,0,0,0,0,"[0, 0, 61895, 330112, 0, 404, 5665]"
665,167,DC1,0,0,0,0,0,0,0,"[0, 0, 281626, 866544, 0, 666, 5055]"
666,167,DC2,0,0,0,0,0,0,0,"[0, 0, 129981, 519926, 0, 615, 4666]"
667,167,DC3,0,0,0,0,0,0,0,"[0, 0, 64990, 346617, 0, 385, 5833]"
668,167,DC4,0,0,0,0,0,0,0,"[0, 0, 64990, 346617, 0, 385, 5833]"
669,168,DC1,0,0,0,0,0,0,0,"[0, 0, 309788, 953198, 0, 631, 5205]"
670,168,DC2,0,0,0,0,0,0,0,"[0, 0, 142979, 571919, 0, 583, 4804]"
671,168,DC3,0,0,0,0,0,0,0,"[0, 0, 71489, 381279, 0, 364, 6006]"
672,168,DC4,0,0,0,0,0,0,0,"[0, 0, 71489, 381279, 0, 364, 6006]"
