,time_step,datacenter_id,CPU.S1,CPU.S2,CPU.S3,CPU.S4,GPU.S1,GPU.S2,GPU.S3,discards
1,1,DC1,340,0,0,0,1,0,0,[0]
2,1,DC2,276,0,0,0,2,0,0,[0]
3,1,DC3,233,0,0,0,21,0,0,[0]
4,1,DC4,0,0,0,0,0,0,0,[0]
5,2,DC1,0,0,0,0,0,0,0,[0]
6,2,DC2,0,0,0,0,0,0,0,[0]
7,2,DC3,0,0,0,0,0,0,0,[0]
8,2,DC4,0,0,0,0,0,0,0,[0]
9,3,DC1,0,0,0,0,0,0,0,[0]
10,3,DC2,0,0,0,0,0,0,0,[0]
11,3,DC3,0,0,0,0,0,0,0,[0]
12,3,DC4,0,0,0,0,0,0,0,[0]
13,4,DC1,0,0,0,0,0,0,0,[0]
14,4,DC2,0,0,0,0,0,0,0,[0]
15,4,DC3,0,0,0,0,0,0,0,[0]
16,4,DC4,0,0,0,0,0,0,0,[0]
17,5,DC1,0,0,0,0,0,0,0,[0]
18,5,DC2,0,0,0,0,0,0,0,[0]
19,5,DC3,0,0,0,0,0,0,0,[0]
20,5,DC4,0,0,0,0,0,0,0,[0]
21,6,DC1,0,0,0,0,0,0,0,[0]
22,6,DC2,0,0,0,0,0,0,0,[0]
23,6,DC3,0,0,0,0,0,0,0,[0]
24,6,DC4,0,0,0,0,0,0,0,[0]
25,7,DC1,734,0,0,0,18,0,0,[0]
26,7,DC2,638,0,0,0,17,0,0,[0]
27,7,DC3,478,0,0,0,34,0,0,[0]
28,7,DC4,0,0,0,0,0,0,0,[0]
29,8,DC1,0,0,0,0,0,0,0,[0]
30,8,DC2,0,0,0,0,0,0,0,[0]
31,8,DC3,0,0,0,0,0,0,0,[0]
32,8,DC4,0,0,0,0,0,0,0,[0]
33,9,DC1,0,0,0,0,0,0,0,[0]
34,9,DC2,0,0,0,0,0,0,0,[0]
35,9,DC3,0,0,0,0,0,0,0,[0]
36,9,DC4,0,0,0,0,0,0,0,[0]
37,10,DC1,0,0,0,0,0,0,0,[0]
38,10,DC2,0,0,0,0,0,0,0,[0]
39,10,DC3,0,0,0,0,0,0,0,[0]
40,10,DC4,0,0,0,0,0,0,0,[0]
41,11,DC1,0,0,0,0,0,0,0,[0]
42,11,DC2,0,0,0,0,0,0,0,[0]
43,11,DC3,0,0,0,0,0,0,0,[0]
44,11,DC4,0,0,0,0,0,0,0,[0]
45,12,DC1,0,0,0,0,0,0,0,[0]
46,12,DC2,0,0,0,0,0,0,0,[0]
47,12,DC3,0,0,0,0,0,0,0,[0]
48,12,DC4,0,0,0,0,0,0,0,[0]
49,13,DC1,1648,0,0,0,16,0,0,[0]
50,13,DC2,880,0,0,0,16,0,0,[0]
51,13,DC3,184,0,0,0,42,0,0,[0]
52,13,DC4,301,0,0,0,0,0,0,[0]
53,14,DC1,0,0,0,0,0,0,0,[0]
54,14,DC2,0,0,0,0,0,0,0,[0]
55,14,DC3,0,0,0,0,0,0,0,[0]
56,14,DC4,0,0,0,0,0,0,0,[0]
57,15,DC1,0,0,0,0,0,0,0,[0]
58,15,DC2,0,0,0,0,0,0,0,[0]
59,15,DC3,0,0,0,0,0,0,0,[0]
60,15,DC4,0,0,0,0,0,0,0,[0]
61,16,DC1,0,0,0,0,0,0,0,[0]
62,16,DC2,0,0,0,0,0,0,0,[0]
63,16,DC3,0,0,0,0,0,0,0,[0]
64,16,DC4,0,0,0,0,0,0,0,[0]
65,17,DC1,0,0,0,0,0,0,0,[0]
66,17,DC2,0,0,0,0,0,0,0,[0]
67,17,DC3,0,0,0,0,0,0,0,[0]
68,17,DC4,0,0,0,0,0,0,0,[0]
69,18,DC1,0,0,0,0,0,0,0,[0]
70,18,DC2,0,0,0,0,0,0,0,[0]
71,18,DC3,0,0,0,0,0,0,0,[0]
72,18,DC4,0,0,0,0,0,0,0,[0]
73,19,DC1,1326,0,0,0,14,0,0,[0]
74,19,DC2,884,0,0,0,14,0,0,[0]
75,19,DC3,0,0,0,0,51,0,0,[0]
76,19,DC4,768,0,0,0,0,0,0,[0]
77,20,DC1,0,0,0,0,0,0,0,[0]
78,20,DC2,0,0,0,0,0,0,0,[0]
79,20,DC3,0,0,0,0,0,0,0,[0]
80,20,DC4,0,0,0,0,0,0,0,[0]
81,21,DC1,0,0,0,0,0,0,0,[0]
82,21,DC2,0,0,0,0,0,0,0,[0]
83,21,DC3,0,0,0,0,0,0,0,[0]
84,21,DC4,0,0,0,0,0,0,0,[0]
85,22,DC1,0,0,0,0,0,0,0,[0]
86,22,DC2,0,0,0,0,0,0,0,[0]
87,22,DC3,0,0,0,0,0,0,0,[0]
88,22,DC4,0,0,0,0,0,0,0,[0]
89,23,DC1,0,0,0,0,0,0,0,[0]
90,23,DC2,0,0,0,0,0,0,0,[0]
91,23,DC3,0,0,0,0,0,0,0,[0]
92,23,DC4,0,0,0,0,0,0,0,[0]
93,24,DC1,0,0,0,0,0,0,0,"[0, 0, 0, 0, 0, 0, 0, 0, 0, 0, 0, 0, 0, 0, 0, 0, 0, 0, 0, 0, 0, 0, 0, 0, 0, 0, 0, 0]"
94,24,DC2,0,0,0,0,0,0,0,"[0, 0, 0, 0, 0, 0, 0, 0, 0, 0, 0, 0, 0, 0, 0, 0, 0, 0, 0, 0, 0, 0, 0, 0, 0, 0, 0, 0]"
95,24,DC3,0,0,0,0,0,0,0,"[0, 0, 0, 0, 0, 0, 0, 0, 0, 0, 0, 0, 0, 0, 0, 0, 0, 0, 0, 0, 0, 0, 0, 0, 0, 0, 0, 0]"
96,24,DC4,0,0,0,0,0,0,0,"[0, 0, 0, 0, 0, 0, 0, 0, 0, 0, 0, 0, 0, 0, 0, 0, 0, 0, 0, 0, 0, 0, 0, 0, 0, 0, 0, 0]"
97,25,DC1,1567,0,0,0,21,0,0,[0]
98,25,DC2,1266,0,0,0,21,0,0,[0]
99,25,DC3,0,0,0,0,62,0,0,[0]
100,25,DC4,844,0,0,0,0,0,0,[0]
101,26,DC1,0,0,0,0,0,0,0,[0]
102,26,DC2,0,0,0,0,0,0,0,[0]
103,26,DC3,0,0,0,0,0,0,0,[0]
104,26,DC4,0,0,0,0,0,0,0,[0]
105,27,DC1,0,0,0,0,0,0,0,[0]
106,27,DC2,0,0,0,0,0,0,0,[0]
107,27,DC3,0,0,0,0,0,0,0,[0]
108,27,DC4,0,0,0,0,0,0,0,[0]
109,28,DC1,0,0,0,0,0,0,0,[0]
110,28,DC2,0,0,0,0,0,0,0,[0]
111,28,DC3,0,0,0,0,0,0,0,[0]
112,28,DC4,0,0,0,0,0,0,0,[0]
113,29,DC1,0,0,0,0,0,0,0,[0]
114,29,DC2,0,0,0,0,0,0,0,[0]
115,29,DC3,0,0,0,0,0,0,0,[0]
116,29,DC4,0,0,0,0,0,0,0,[0]
117,30,DC1,0,0,0,0,0,0,0,[0]
118,30,DC2,0,0,0,0,0,0,0,[0]
119,30,DC3,0,0,0,0,0,0,0,[0]
120,30,DC4,0,0,0,0,0,0,0,[0]
121,31,DC1,0,0,0,0,25,0,0,[0]
122,31,DC2,0,0,0,0,25,0,0,[0]
123,31,DC3,204,0,0,0,76,0,0,[0]
124,31,DC4,0,0,0,0,0,0,0,[0]
125,32,DC1,0,0,0,0,0,0,0,[0]
126,32,DC2,0,0,0,0,0,0,0,[0]
127,32,DC3,0,0,0,0,0,0,0,[0]
128,32,DC4,0,0,0,0,0,0,0,[0]
129,33,DC1,0,0,0,0,0,0,0,[0]
130,33,DC2,0,0,0,0,0,0,0,[0]
131,33,DC3,0,0,0,0,0,0,0,[0]
132,33,DC4,0,0,0,0,0,0,0,[0]
133,34,DC1,0,0,0,0,0,0,0,[0]
134,34,DC2,0,0,0,0,0,0,0,[0]
135,34,DC3,0,0,0,0,0,0,0,[0]
136,34,DC4,0,0,0,0,0,0,0,[0]
137,35,DC1,0,0,0,0,0,0,0,[0]
138,35,DC2,0,0,0,0,0,0,0,[0]
139,35,DC3,0,0,0,0,0,0,0,[0]
140,35,DC4,0,0,0,0,0,0,0,[0]
141,36,DC1,0,0,0,0,0,0,0,[0]
142,36,DC2,0,0,0,0,0,0,0,[0]
143,36,DC3,0,0,0,0,0,0,0,[0]
144,36,DC4,0,0,0,0,0,0,0,[0]
145,37,DC1,0,493,0,0,31,0,0,[0]
146,37,DC2,0,363,0,0,31,0,0,[0]
147,37,DC3,0,61,0,0,92,0,0,[0]
148,37,DC4,0,268,0,0,0,0,0,[0]
149,38,DC1,0,0,0,0,0,0,0,[0]
150,38,DC2,0,0,0,0,0,0,0,[0]
151,38,DC3,0,0,0,0,0,0,0,[0]
152,38,DC4,0,0,0,0,0,0,0,[0]
153,39,DC1,0,0,0,0,0,0,0,[0]
154,39,DC2,0,0,0,0,0,0,0,[0]
155,39,DC3,0,0,0,0,0,0,0,[0]
156,39,DC4,0,0,0,0,0,0,0,[0]
157,40,DC1,0,0,0,0,0,0,0,[0]
158,40,DC2,0,0,0,0,0,0,0,[0]
159,40,DC3,0,0,0,0,0,0,0,[0]
160,40,DC4,0,0,0,0,0,0,0,[0]
161,41,DC1,0,0,0,0,0,0,0,[0]
162,41,DC2,0,0,0,0,0,0,0,[0]
163,41,DC3,0,0,0,0,0,0,0,[0]
164,41,DC4,0,0,0,0,0,0,0,[0]
165,42,DC1,0,0,0,0,0,0,0,[0]
166,42,DC2,0,0,0,0,0,0,0,[0]
167,42,DC3,0,0,0,0,0,0,0,[0]
168,42,DC4,0,0,0,0,0,0,0,[0]
169,43,DC1,0,1116,0,0,36,0,0,[0]
170,43,DC2,0,779,0,0,36,0,0,[0]
171,43,DC3,0,403,0,0,110,0,0,[0]
172,43,DC4,0,159,0,0,0,0,0,[0]
173,44,DC1,0,0,0,0,0,0,0,[0]
174,44,DC2,0,0,0,0,0,0,0,[0]
175,44,DC3,0,0,0,0,0,0,0,[0]
176,44,DC4,0,0,0,0,0,0,0,[0]
177,45,DC1,0,0,0,0,0,0,0,[0]
178,45,DC2,0,0,0,0,0,0,0,[0]
179,45,DC3,0,0,0,0,0,0,0,[0]
180,45,DC4,0,0,0,0,0,0,0,[0]
181,46,DC1,0,0,0,0,0,0,0,[0]
182,46,DC2,0,0,0,0,0,0,0,[0]
183,46,DC3,0,0,0,0,0,0,0,[0]
184,46,DC4,0,0,0,0,0,0,0,[0]
185,47,DC1,0,0,0,0,0,0,0,[0]
186,47,DC2,0,0,0,0,0,0,0,[0]
187,47,DC3,0,0,0,0,0,0,0,[0]
188,47,DC4,0,0,0,0,0,0,0,[0]
189,48,DC1,0,0,0,0,0,0,0,"[0, 0, 0, 0, 0, 0, 0, 0, 0, 0, 0, 0, 0, 0, 0, 0, 0, 0, 0, 0, 0, 0, 0, 0, 0, 0, 0, 0, 0, 0, 0, 0, 0, 0, 0, 0, 0, 0, 0, 0, 0, 0, 0, 0, 0, 0, 0, 0, 0, 0, 0, 0, 0, 0, 0, 0]"
190,48,DC2,0,0,0,0,0,0,0,"[0, 0, 0, 0, 0, 0, 0, 0, 0, 0, 0, 0, 0, 0, 0, 0, 0, 0, 0, 0, 0, 0, 0, 0, 0, 0, 0, 0, 0, 0, 0, 0, 0, 0, 0, 0, 0, 0, 0, 0, 0, 0, 0, 0, 0, 0, 0, 0, 0, 0, 0, 0, 0, 0, 0, 0]"
191,48,DC3,0,0,0,0,0,0,0,"[0, 0, 0, 0, 0, 0, 0, 0, 0, 0, 0, 0, 0, 0, 0, 0, 0, 0, 0, 0, 0, 0, 0, 0, 0, 0, 0, 0, 0, 0, 0, 0, 0, 0, 0, 0, 0, 0, 0, 0, 0, 0, 0, 0, 0, 0, 0, 0, 0, 0, 0, 0, 0, 0, 0, 0]"
192,48,DC4,0,0,0,0,0,0,0,"[0, 0, 0, 0, 0, 0, 0, 0, 0, 0, 0, 0, 0, 0, 0, 0, 0, 0, 0, 0, 0, 0, 0, 0, 0, 0, 0, 0, 0, 0, 0, 0, 0, 0, 0, 0, 0, 0, 0, 0, 0, 0, 0, 0, 0, 0, 0, 0, 0, 0, 0, 0, 0, 0, 0, 0]"
193,49,DC1,0,1439,0,0,6,6,0,[0]
194,49,DC2,0,756,0,0,6,7,0,[0]
195,49,DC3,0,251,0,0,17,21,0,[0]
196,49,DC4,0,124,0,0,0,0,0,[0]
197,50,DC1,0,0,0,0,0,0,0,[0]
198,50,DC2,0,0,0,0,0,0,0,[0]
199,50,DC3,0,0,0,0,0,0,0,[0]
200,50,DC4,0,0,0,0,0,0,0,[0]
201,51,DC1,0,0,0,0,0,0,0,[0]
202,51,DC2,0,0,0,0,0,0,0,[0]
203,51,DC3,0,0,0,0,0,0,0,[0]
204,51,DC4,0,0,0,0,0,0,0,[0]
205,52,DC1,0,0,0,0,0,0,0,[0]
206,52,DC2,0,0,0,0,0,0,0,[0]
207,52,DC3,0,0,0,0,0,0,0,[0]
208,52,DC4,0,0,0,0,0,0,0,[0]
209,53,DC1,0,0,0,0,0,0,0,[0]
210,53,DC2,0,0,0,0,0,0,0,[0]
211,53,DC3,0,0,0,0,0,0,0,[0]
212,53,DC4,0,0,0,0,0,0,0,[0]
213,54,DC1,0,0,0,0,0,0,0,[0]
214,54,DC2,0,0,0,0,0,0,0,[0]
215,54,DC3,0,0,0,0,0,0,0,[0]
216,54,DC4,0,0,0,0,0,0,0,[0]
217,55,DC1,0,553,0,0,10,6,0,[0]
218,55,DC2,0,410,0,0,10,6,0,[0]
219,55,DC3,0,273,0,0,30,20,0,[0]
220,55,DC4,0,0,0,0,0,0,0,[0]
221,56,DC1,0,0,0,0,0,0,0,[0]
222,56,DC2,0,0,0,0,0,0,0,[0]
223,56,DC3,0,0,0,0,0,0,0,[0]
224,56,DC4,0,0,0,0,0,0,0,[0]
225,57,DC1,0,0,0,0,0,0,0,[0]
226,57,DC2,0,0,0,0,0,0,0,[0]
227,57,DC3,0,0,0,0,0,0,0,[0]
228,57,DC4,0,0,0,0,0,0,0,[0]
229,58,DC1,0,0,0,0,0,0,0,[0]
230,58,DC2,0,0,0,0,0,0,0,[0]
231,58,DC3,0,0,0,0,0,0,0,[0]
232,58,DC4,0,0,0,0,0,0,0,[0]
233,59,DC1,0,0,0,0,0,0,0,[0]
234,59,DC2,0,0,0,0,0,0,0,[0]
235,59,DC3,0,0,0,0,0,0,0,[0]
236,59,DC4,0,0,0,0,0,0,0,[0]
237,60,DC1,0,0,0,0,0,0,0,[0]
238,60,DC2,0,0,0,0,0,0,0,[0]
239,60,DC3,0,0,0,0,0,0,0,[0]
240,60,DC4,0,0,0,0,0,0,0,[0]
241,61,DC1,0,918,0,0,4,6,0,[0]
242,61,DC2,0,552,0,0,4,5,0,[0]
243,61,DC3,0,205,0,0,0,18,0,[0]
244,61,DC4,0,0,0,0,0,0,0,[0]
245,62,DC1,0,0,0,0,0,0,0,[0]
246,62,DC2,0,0,0,0,0,0,0,[0]
247,62,DC3,0,0,0,0,0,0,0,[0]
248,62,DC4,0,0,0,0,0,0,0,[0]
249,63,DC1,0,0,0,0,0,0,0,[0]
250,63,DC2,0,0,0,0,0,0,0,[0]
251,63,DC3,0,0,0,0,0,0,0,[0]
252,63,DC4,0,0,0,0,0,0,0,[0]
253,64,DC1,0,0,0,0,0,0,0,[0]
254,64,DC2,0,0,0,0,0,0,0,[0]
255,64,DC3,0,0,0,0,0,0,0,[0]
256,64,DC4,0,0,0,0,0,0,0,[0]
257,65,DC1,0,0,0,0,0,0,0,[0]
258,65,DC2,0,0,0,0,0,0,0,[0]
259,65,DC3,0,0,0,0,0,0,0,[0]
260,65,DC4,0,0,0,0,0,0,0,[0]
261,66,DC1,0,0,0,0,0,0,0,[0]
262,66,DC2,0,0,0,0,0,0,0,[0]
263,66,DC3,0,0,0,0,0,0,0,[0]
264,66,DC4,0,0,0,0,0,0,0,[0]
265,67,DC1,0,619,0,0,39,13,0,[0]
266,67,DC2,0,402,0,0,10,12,0,[0]
267,67,DC3,0,0,0,0,0,15,0,[0]
268,67,DC4,0,0,0,0,0,0,0,[0]
269,68,DC1,0,0,0,0,0,0,0,[0]
270,68,DC2,0,0,0,0,0,0,0,[0]
271,68,DC3,0,0,0,0,0,0,0,[0]
272,68,DC4,0,0,0,0,0,0,0,[0]
273,69,DC1,0,0,0,0,0,0,0,[0]
274,69,DC2,0,0,0,0,0,0,0,[0]
275,69,DC3,0,0,0,0,0,0,0,[0]
276,69,DC4,0,0,0,0,0,0,0,[0]
277,70,DC1,0,0,0,0,0,0,0,[0]
278,70,DC2,0,0,0,0,0,0,0,[0]
279,70,DC3,0,0,0,0,0,0,0,[0]
280,70,DC4,0,0,0,0,0,0,0,[0]
281,71,DC1,0,0,0,0,0,0,0,[0]
282,71,DC2,0,0,0,0,0,0,0,[0]
283,71,DC3,0,0,0,0,0,0,0,[0]
284,71,DC4,0,0,0,0,0,0,0,[0]
285,72,DC1,0,0,0,0,0,0,0,"[340, 0, 0, 0, 0, 0, 0, 734, 0, 0, 0, 0, 0, 0, 0, 0, 0, 0, 0, 0, 0, 0, 0, 0, 0, 0, 0, 0, 0, 0, 0, 0, 0, 0, 0, 0, 0, 0, 0, 0, 0, 0, 0, 0, 0, 0, 0, 0, 0, 0, 0, 0, 0, 0, 0, 0, 0, 0, 0, 0, 0, 0, 0, 0, 0, 0, 0, 0, 0, 0, 0, 0, 0, 0, 0, 0, 0, 0, 0, 0, 0, 0, 0, 0]"
286,72,DC2,0,0,0,0,0,0,0,"[276, 0, 0, 0, 0, 0, 0, 638, 0, 0, 0, 0, 0, 0, 0, 0, 0, 0, 0, 0, 0, 288, 0, 0, 0, 0, 0, 0, 0, 0, 0, 0, 0, 0, 0, 0, 0, 0, 0, 0, 0, 0, 0, 0, 0, 0, 0, 0, 0, 0, 0, 0, 0, 0, 0, 0, 0, 0, 0, 0, 0, 0, 0, 0, 0, 0, 0, 0, 0, 0, 0, 0, 0, 0, 0, 0, 0, 0, 0, 0, 0, 0, 0, 0]"
287,72,DC3,0,0,0,0,0,0,0,"[233, 0, 0, 0, 21, 0, 0, 328, 0, 0, 0, 9, 0, 0, 0, 0, 0, 0, 0, 0, 0, 0, 0, 0, 0, 16, 0, 0, 0, 0, 0, 0, 0, 0, 0, 0, 0, 0, 0, 0, 0, 0, 0, 0, 0, 0, 0, 0, 0, 0, 0, 0, 0, 0, 0, 0, 0, 0, 0, 0, 0, 0, 0, 0, 0, 0, 0, 0, 0, 0, 0, 0, 0, 0, 0, 0, 0, 0, 0, 0, 0, 0, 0, 0]"
288,72,DC4,0,0,0,0,0,0,0,"[0, 0, 0, 0, 0, 0, 0, 0, 0, 0, 0, 0, 0, 0, 301, 0, 0, 0, 0, 0, 0, 768, 0, 0, 0, 0, 0, 0, 844, 0, 0, 0, 0, 0, 0, 0, 0, 0, 0, 0, 0, 0, 0, 268, 0, 0, 0, 0, 0, 0, 33, 0, 0, 0, 0, 0, 0, 0, 0, 0, 0, 0, 0, 0, 0, 0, 0, 0, 0, 0, 0, 0, 0, 0, 0, 0, 0, 0, 0, 0, 0, 0, 0, 0]"
289,73,DC1,0,1049,287,0,0,10,0,[0]
290,73,DC2,0,432,167,0,0,12,0,[0]
291,73,DC3,0,0,115,0,0,43,0,[0]
292,73,DC4,0,0,0,0,0,0,0,[0]
293,74,DC1,0,0,0,0,0,0,0,[0]
294,74,DC2,0,0,0,0,0,0,0,[0]
295,74,DC3,0,0,0,0,0,0,0,[0]
296,74,DC4,0,0,0,0,0,0,0,[0]
297,75,DC1,0,0,0,0,0,0,0,[0]
298,75,DC2,0,0,0,0,0,0,0,[0]
299,75,DC3,0,0,0,0,0,0,0,[0]
300,75,DC4,0,0,0,0,0,0,0,[0]
301,76,DC1,0,0,0,0,0,0,0,[0]
302,76,DC2,0,0,0,0,0,0,0,[0]
303,76,DC3,0,0,0,0,0,0,0,[0]
304,76,DC4,0,0,0,0,0,0,0,[0]
305,77,DC1,0,0,0,0,0,0,0,[0]
306,77,DC2,0,0,0,0,0,0,0,[0]
307,77,DC3,0,0,0,0,0,0,0,[0]
308,77,DC4,0,0,0,0,0,0,0,[0]
309,78,DC1,0,0,0,0,0,0,0,[0]
310,78,DC2,0,0,0,0,0,0,0,[0]
311,78,DC3,0,0,0,0,0,0,0,[0]
312,78,DC4,0,0,0,0,0,0,0,[0]
313,79,DC1,0,0,156,0,0,16,0,[0]
314,79,DC2,0,0,134,0,0,15,0,[0]
315,79,DC3,0,0,84,0,0,0,0,[0]
316,79,DC4,0,0,0,0,0,0,0,[0]
317,80,DC1,0,0,0,0,0,0,0,[0]
318,80,DC2,0,0,0,0,0,0,0,[0]
319,80,DC3,0,0,0,0,0,0,0,[0]
320,80,DC4,0,0,0,0,0,0,0,[0]
321,81,DC1,0,0,0,0,0,0,0,[0]
322,81,DC2,0,0,0,0,0,0,0,[0]
323,81,DC3,0,0,0,0,0,0,0,[0]
324,81,DC4,0,0,0,0,0,0,0,[0]
325,82,DC1,0,0,0,0,0,0,0,[0]
326,82,DC2,0,0,0,0,0,0,0,[0]
327,82,DC3,0,0,0,0,0,0,0,[0]
328,82,DC4,0,0,0,0,0,0,0,[0]
329,83,DC1,0,0,0,0,0,0,0,[0]
330,83,DC2,0,0,0,0,0,0,0,[0]
331,83,DC3,0,0,0,0,0,0,0,[0]
332,83,DC4,0,0,0,0,0,0,0,[0]
333,84,DC1,0,0,0,0,0,0,0,[0]
334,84,DC2,0,0,0,0,0,0,0,[0]
335,84,DC3,0,0,0,0,0,0,0,[0]
336,84,DC4,0,0,0,0,0,0,0,[0]
337,85,DC1,0,0,319,0,0,38,0,[0]
338,85,DC2,0,0,171,0,0,31,0,[0]
339,85,DC3,0,0,67,0,0,0,0,[0]
340,85,DC4,0,0,0,0,0,0,0,[0]
341,86,DC1,0,0,0,0,0,0,0,[0]
342,86,DC2,0,0,0,0,0,0,0,[0]
343,86,DC3,0,0,0,0,0,0,0,[0]
344,86,DC4,0,0,0,0,0,0,0,[0]
345,87,DC1,0,0,0,0,0,0,0,[0]
346,87,DC2,0,0,0,0,0,0,0,[0]
347,87,DC3,0,0,0,0,0,0,0,[0]
348,87,DC4,0,0,0,0,0,0,0,[0]
349,88,DC1,0,0,0,0,0,0,0,[0]
350,88,DC2,0,0,0,0,0,0,0,[0]
351,88,DC3,0,0,0,0,0,0,0,[0]
352,88,DC4,0,0,0,0,0,0,0,[0]
353,89,DC1,0,0,0,0,0,0,0,[0]
354,89,DC2,0,0,0,0,0,0,0,[0]
355,89,DC3,0,0,0,0,0,0,0,[0]
356,89,DC4,0,0,0,0,0,0,0,[0]
357,90,DC1,0,0,0,0,0,0,0,[0]
358,90,DC2,0,0,0,0,0,0,0,[0]
359,90,DC3,0,0,0,0,0,0,0,[0]
360,90,DC4,0,0,0,0,0,0,0,[0]
361,91,DC1,0,0,468,0,0,16,0,[0]
362,91,DC2,0,0,154,0,0,14,0,[0]
363,91,DC3,0,0,148,0,0,0,0,[0]
364,91,DC4,0,0,0,0,0,0,0,[0]
365,92,DC1,0,0,0,0,0,0,0,[0]
366,92,DC2,0,0,0,0,0,0,0,[0]
367,92,DC3,0,0,0,0,0,0,0,[0]
368,92,DC4,0,0,0,0,0,0,0,[0]
369,93,DC1,0,0,0,0,0,0,0,[0]
370,93,DC2,0,0,0,0,0,0,0,[0]
371,93,DC3,0,0,0,0,0,0,0,[0]
372,93,DC4,0,0,0,0,0,0,0,[0]
373,94,DC1,0,0,0,0,0,0,0,[0]
374,94,DC2,0,0,0,0,0,0,0,[0]
375,94,DC3,0,0,0,0,0,0,0,[0]
376,94,DC4,0,0,0,0,0,0,0,[0]
377,95,DC1,0,0,0,0,0,0,0,[0]
378,95,DC2,0,0,0,0,0,0,0,[0]
379,95,DC3,0,0,0,0,0,0,0,[0]
380,95,DC4,0,0,0,0,0,0,0,[0]
381,96,DC1,0,0,0,0,0,0,0,"[0, 0, 0, 0, 0, 0, 0, 791, 0, 0, 0, 0, 0, 0, 1326, 0, 0, 0, 14, 0, 0, 1567, 0, 0, 0, 21, 0, 0, 0, 0, 0, 0, 25, 0, 0, 0, 0, 0, 0, 31, 0, 0, 0, 0, 0, 0, 18, 0, 0, 0, 0, 0, 0, 0, 5, 0, 0, 0, 0, 0, 0, 0, 0, 0, 0, 0, 0, 0, 0, 0, 0, 0, 0, 0, 0, 0, 0, 0, 0, 0, 0, 0, 0, 0, 0, 0, 0, 0, 0, 0, 0, 0, 0, 0, 0, 0, 0, 0, 0, 0, 0, 0, 0, 0, 0]"
382,96,DC2,0,0,0,0,0,0,0,"[0, 0, 0, 0, 0, 0, 0, 0, 0, 0, 0, 0, 0, 0, 596, 0, 0, 0, 14, 0, 0, 1266, 0, 0, 0, 21, 0, 0, 0, 0, 0, 0, 25, 0, 0, 0, 0, 0, 0, 31, 0, 0, 0, 505, 0, 0, 3, 0, 0, 0, 0, 0, 0, 0, 6, 0, 0, 0, 0, 0, 0, 0, 0, 0, 0, 0, 0, 0, 0, 0, 0, 0, 0, 0, 0, 0, 0, 0, 0, 0, 0, 0, 0, 0, 0, 0, 0, 0, 0, 0, 0, 0, 0, 0, 0, 0, 0, 0, 0, 0, 0, 0, 0, 0, 0]"
383,96,DC3,0,0,0,0,0,0,0,"[0, 0, 0, 0, 0, 0, 0, 0, 0, 0, 0, 0, 0, 0, 0, 0, 0, 0, 35, 0, 0, 0, 0, 0, 0, 62, 0, 0, 204, 0, 0, 0, 76, 0, 0, 0, 0, 0, 0, 92, 0, 0, 0, 122, 0, 0, 110, 0, 0, 0, 0, 0, 0, 17, 21, 0, 0, 0, 0, 0, 30, 20, 0, 0, 0, 0, 0, 0, 11, 0, 0, 0, 0, 0, 0, 0, 0, 0, 0, 0, 0, 0, 0, 0, 0, 0, 0, 0, 0, 0, 0, 0, 0, 0, 0, 0, 0, 0, 0, 0, 0, 0, 0, 0, 0]"
384,96,DC4,0,0,0,0,0,0,0,"[0, 0, 0, 0, 0, 0, 0, 0, 0, 0, 0, 0, 0, 0, 0, 0, 0, 0, 0, 0, 0, 0, 0, 0, 0, 0, 0, 0, 0, 0, 0, 0, 0, 0, 0, 0, 0, 0, 0, 0, 0, 0, 0, 126, 0, 0, 0, 0, 0, 0, 124, 0, 0, 0, 0, 0, 0, 0, 0, 0, 0, 0, 0, 0, 0, 0, 0, 0, 0, 0, 0, 0, 0, 0, 0, 0, 0, 0, 0, 0, 0, 0, 0, 0, 0, 0, 0, 0, 0, 0, 0, 0, 0, 0, 0, 0, 0, 0, 0, 0, 0, 0, 0, 0, 0]"
385,97,DC1,0,0,1022,0,0,13,22,[0]
386,97,DC2,0,0,414,0,0,14,22,[0]
387,97,DC3,0,0,109,0,0,4,67,[0]
388,97,DC4,0,0,0,0,0,0,0,[0]
389,98,DC1,0,0,0,0,0,0,0,[0]
390,98,DC2,0,0,0,0,0,0,0,[0]
391,98,DC3,0,0,0,0,0,0,0,[0]
392,98,DC4,0,0,0,0,0,0,0,[0]
393,99,DC1,0,0,0,0,0,0,0,[0]
394,99,DC2,0,0,0,0,0,0,0,[0]
395,99,DC3,0,0,0,0,0,0,0,[0]
396,99,DC4,0,0,0,0,0,0,0,[0]
397,100,DC1,0,0,0,0,0,0,0,[0]
398,100,DC2,0,0,0,0,0,0,0,[0]
399,100,DC3,0,0,0,0,0,0,0,[0]
400,100,DC4,0,0,0,0,0,0,0,[0]
401,101,DC1,0,0,0,0,0,0,0,[0]
402,101,DC2,0,0,0,0,0,0,0,[0]
403,101,DC3,0,0,0,0,0,0,0,[0]
404,101,DC4,0,0,0,0,0,0,0,[0]
405,102,DC1,0,0,0,0,0,0,0,[0]
406,102,DC2,0,0,0,0,0,0,0,[0]
407,102,DC3,0,0,0,0,0,0,0,[0]
408,102,DC4,0,0,0,0,0,0,0,[0]
409,103,DC1,0,0,173,0,0,2,21,[0]
410,103,DC2,0,0,165,0,0,2,21,[0]
411,103,DC3,0,0,103,0,0,1,61,[0]
412,103,DC4,0,0,0,0,0,0,0,[0]
413,104,DC1,0,0,0,0,0,0,0,[0]
414,104,DC2,0,0,0,0,0,0,0,[0]
415,104,DC3,0,0,0,0,0,0,0,[0]
416,104,DC4,0,0,0,0,0,0,0,[0]
417,105,DC1,0,0,0,0,0,0,0,[0]
418,105,DC2,0,0,0,0,0,0,0,[0]
419,105,DC3,0,0,0,0,0,0,0,[0]
420,105,DC4,0,0,0,0,0,0,0,[0]
421,106,DC1,0,0,0,0,0,0,0,[0]
422,106,DC2,0,0,0,0,0,0,0,[0]
423,106,DC3,0,0,0,0,0,0,0,[0]
424,106,DC4,0,0,0,0,0,0,0,[0]
425,107,DC1,0,0,0,0,0,0,0,[0]
426,107,DC2,0,0,0,0,0,0,0,[0]
427,107,DC3,0,0,0,0,0,0,0,[0]
428,107,DC4,0,0,0,0,0,0,0,[0]
429,108,DC1,0,0,0,0,0,0,0,[0]
430,108,DC2,0,0,0,0,0,0,0,[0]
431,108,DC3,0,0,0,0,0,0,0,[0]
432,108,DC4,0,0,0,0,0,0,0,[0]
433,109,DC1,0,0,0,427,0,0,19,[0]
434,109,DC2,0,0,0,257,0,0,19,[0]
435,109,DC3,0,0,0,171,0,0,58,[0]
436,109,DC4,0,0,0,0,0,0,0,[0]
437,110,DC1,0,0,0,0,0,0,0,[0]
438,110,DC2,0,0,0,0,0,0,0,[0]
439,110,DC3,0,0,0,0,0,0,0,[0]
440,110,DC4,0,0,0,0,0,0,0,[0]
441,111,DC1,0,0,0,0,0,0,0,[0]
442,111,DC2,0,0,0,0,0,0,0,[0]
443,111,DC3,0,0,0,0,0,0,0,[0]
444,111,DC4,0,0,0,0,0,0,0,[0]
445,112,DC1,0,0,0,0,0,0,0,[0]
446,112,DC2,0,0,0,0,0,0,0,[0]
447,112,DC3,0,0,0,0,0,0,0,[0]
448,112,DC4,0,0,0,0,0,0,0,[0]
449,113,DC1,0,0,0,0,0,0,0,[0]
450,113,DC2,0,0,0,0,0,0,0,[0]
451,113,DC3,0,0,0,0,0,0,0,[0]
452,113,DC4,0,0,0,0,0,0,0,[0]
453,114,DC1,0,0,0,0,0,0,0,[0]
454,114,DC2,0,0,0,0,0,0,0,[0]
455,114,DC3,0,0,0,0,0,0,0,[0]
456,114,DC4,0,0,0,0,0,0,0,[0]
457,115,DC1,0,0,0,412,0,0,21,[0]
458,115,DC2,0,0,0,246,0,0,21,[0]
459,115,DC3,0,0,0,165,0,0,63,[0]
460,115,DC4,0,0,0,0,0,0,0,[0]
461,116,DC1,0,0,0,0,0,0,0,[0]
462,116,DC2,0,0,0,0,0,0,0,[0]
463,116,DC3,0,0,0,0,0,0,0,[0]
464,116,DC4,0,0,0,0,0,0,0,[0]
465,117,DC1,0,0,0,0,0,0,0,[0]
466,117,DC2,0,0,0,0,0,0,0,[0]
467,117,DC3,0,0,0,0,0,0,0,[0]
468,117,DC4,0,0,0,0,0,0,0,[0]
469,118,DC1,0,0,0,0,0,0,0,[0]
470,118,DC2,0,0,0,0,0,0,0,[0]
471,118,DC3,0,0,0,0,0,0,0,[0]
472,118,DC4,0,0,0,0,0,0,0,[0]
473,119,DC1,0,0,0,0,0,0,0,[0]
474,119,DC2,0,0,0,0,0,0,0,[0]
475,119,DC3,0,0,0,0,0,0,0,[0]
476,119,DC4,0,0,0,0,0,0,0,[0]
477,120,DC1,0,0,0,0,0,0,0,"[0, 0, 0, 0, 0, 0, 0, 0, 0, 0, 0, 0, 0, 0, 0, 0, 0, 0, 18, 0, 0, 0, 1439, 0, 0, 6, 1, 0, 0, 553, 0, 0, 10, 0, 0, 0, 623, 0, 0, 4, 0, 0, 0, 0, 0, 0, 39, 0, 0, 0, 0, 287, 0, 0, 0, 0, 0, 0, 12, 0, 0, 0, 0, 0, 0, 0, 0, 0, 0, 0, 0, 0, 0, 0, 0, 0, 0, 0, 0, 0, 0, 0, 0, 0, 0, 0, 0, 0, 0, 0, 0, 0, 0, 0, 0, 0, 0, 0, 0, 0, 0, 0, 0, 0, 0]"
478,120,DC2,0,0,0,0,0,0,0,"[0, 0, 0, 0, 0, 0, 0, 0, 0, 0, 0, 0, 0, 0, 0, 0, 0, 0, 33, 0, 0, 0, 756, 0, 0, 6, 1, 0, 0, 410, 0, 0, 10, 1, 0, 0, 317, 0, 0, 4, 0, 0, 0, 0, 0, 0, 10, 0, 0, 0, 0, 167, 0, 0, 0, 0, 0, 0, 0, 0, 0, 0, 0, 0, 0, 0, 0, 0, 0, 0, 0, 0, 0, 0, 0, 0, 0, 0, 0, 0, 0, 0, 0, 0, 0, 0, 0, 0, 0, 0, 0, 0, 0, 0, 0, 0, 0, 0, 0, 0, 0, 0, 0, 0, 0]"
479,120,DC3,0,0,0,0,0,0,0,"[0, 0, 0, 0, 0, 0, 0, 0, 0, 0, 0, 0, 0, 0, 0, 0, 0, 0, 0, 0, 0, 0, 251, 0, 0, 0, 0, 0, 0, 247, 0, 0, 0, 0, 0, 0, 0, 0, 0, 0, 1, 0, 0, 0, 0, 0, 0, 0, 0, 0, 0, 96, 0, 0, 0, 0, 0, 0, 0, 0, 0, 0, 0, 0, 0, 0, 0, 0, 0, 0, 0, 0, 0, 0, 0, 0, 0, 0, 0, 0, 0, 0, 0, 0, 0, 0, 0, 0, 0, 0, 0, 0, 0, 0, 0, 0, 0, 0, 0, 0, 0, 0, 0, 0, 0]"
480,120,DC4,0,0,0,0,0,0,0,"[0, 0, 0, 0, 0, 0, 0, 0, 0, 0, 0, 0, 0, 0, 0, 0, 0, 0, 0, 0, 0, 0, 0, 0, 0, 0, 0, 0, 0, 0, 0, 0, 0, 0, 0, 0, 0, 0, 0, 0, 0, 0, 0, 0, 0, 0, 0, 0, 0, 0, 0, 0, 0, 0, 0, 0, 0, 0, 0, 0, 0, 0, 0, 0, 0, 0, 0, 0, 0, 0, 0, 0, 0, 0, 0, 0, 0, 0, 0, 0, 0, 0, 0, 0, 0, 0, 0, 0, 0, 0, 0, 0, 0, 0, 0, 0, 0, 0, 0, 0, 0, 0, 0, 0, 0]"
481,121,DC1,0,0,0,479,0,0,22,[0]
482,121,DC2,0,0,0,288,0,0,22,[0]
483,121,DC3,0,0,0,192,0,0,66,[0]
484,121,DC4,0,0,0,0,0,0,0,[0]
485,122,DC1,0,0,0,0,0,0,0,[0]
486,122,DC2,0,0,0,0,0,0,0,[0]
487,122,DC3,0,0,0,0,0,0,0,[0]
488,122,DC4,0,0,0,0,0,0,0,[0]
489,123,DC1,0,0,0,0,0,0,0,[0]
490,123,DC2,0,0,0,0,0,0,0,[0]
491,123,DC3,0,0,0,0,0,0,0,[0]
492,123,DC4,0,0,0,0,0,0,0,[0]
493,124,DC1,0,0,0,0,0,0,0,[0]
494,124,DC2,0,0,0,0,0,0,0,[0]
495,124,DC3,0,0,0,0,0,0,0,[0]
496,124,DC4,0,0,0,0,0,0,0,[0]
497,125,DC1,0,0,0,0,0,0,0,[0]
498,125,DC2,0,0,0,0,0,0,0,[0]
499,125,DC3,0,0,0,0,0,0,0,[0]
500,125,DC4,0,0,0,0,0,0,0,[0]
501,126,DC1,0,0,0,0,0,0,0,[0]
502,126,DC2,0,0,0,0,0,0,0,[0]
503,126,DC3,0,0,0,0,0,0,0,[0]
504,126,DC4,0,0,0,0,0,0,0,[0]
505,127,DC1,0,0,0,732,0,0,28,[0]
506,127,DC2,0,0,0,439,0,0,28,[0]
507,127,DC3,0,0,0,293,0,0,74,[0]
508,127,DC4,0,0,0,0,0,0,0,[0]
509,128,DC1,0,0,0,0,0,0,0,[0]
510,128,DC2,0,0,0,0,0,0,0,[0]
511,128,DC3,0,0,0,0,0,0,0,[0]
512,128,DC4,0,0,0,0,0,0,0,[0]
513,129,DC1,0,0,0,0,0,0,0,[0]
514,129,DC2,0,0,0,0,0,0,0,[0]
515,129,DC3,0,0,0,0,0,0,0,[0]
516,129,DC4,0,0,0,0,0,0,0,[0]
517,130,DC1,0,0,0,0,0,0,0,[0]
518,130,DC2,0,0,0,0,0,0,0,[0]
519,130,DC3,0,0,0,0,0,0,0,[0]
520,130,DC4,0,0,0,0,0,0,0,[0]
521,131,DC1,0,0,0,0,0,0,0,[0]
522,131,DC2,0,0,0,0,0,0,0,[0]
523,131,DC3,0,0,0,0,0,0,0,[0]
524,131,DC4,0,0,0,0,0,0,0,[0]
525,132,DC1,0,0,0,0,0,0,0,[0]
526,132,DC2,0,0,0,0,0,0,0,[0]
527,132,DC3,0,0,0,0,0,0,0,[0]
528,132,DC4,0,0,0,0,0,0,0,[0]
529,133,DC1,0,0,0,508,0,0,44,[0]
530,133,DC2,0,0,0,305,0,0,44,[0]
531,133,DC3,0,0,0,203,0,0,118,[0]
532,133,DC4,0,0,0,0,0,0,0,[0]
533,134,DC1,0,0,0,0,0,0,0,[0]
534,134,DC2,0,0,0,0,0,0,0,[0]
535,134,DC3,0,0,0,0,0,0,0,[0]
536,134,DC4,0,0,0,0,0,0,0,[0]
537,135,DC1,0,0,0,0,0,0,0,[0]
538,135,DC2,0,0,0,0,0,0,0,[0]
539,135,DC3,0,0,0,0,0,0,0,[0]
540,135,DC4,0,0,0,0,0,0,0,[0]
541,136,DC1,0,0,0,0,0,0,0,[0]
542,136,DC2,0,0,0,0,0,0,0,[0]
543,136,DC3,0,0,0,0,0,0,0,[0]
544,136,DC4,0,0,0,0,0,0,0,[0]
545,137,DC1,0,0,0,0,0,0,0,[0]
546,137,DC2,0,0,0,0,0,0,0,[0]
547,137,DC3,0,0,0,0,0,0,0,[0]
548,137,DC4,0,0,0,0,0,0,0,[0]
549,138,DC1,0,0,0,0,0,0,0,[0]
550,138,DC2,0,0,0,0,0,0,0,[0]
551,138,DC3,0,0,0,0,0,0,0,[0]
552,138,DC4,0,0,0,0,0,0,0,[0]
553,139,DC1,0,0,0,411,0,0,129,[0]
554,139,DC2,0,0,0,246,0,0,105,[0]
555,139,DC3,0,0,0,289,0,0,6,[0]
556,139,DC4,0,0,0,0,0,0,0,[0]
557,140,DC1,0,0,0,0,0,0,0,[0]
558,140,DC2,0,0,0,0,0,0,0,[0]
559,140,DC3,0,0,0,0,0,0,0,[0]
560,140,DC4,0,0,0,0,0,0,0,[0]
561,141,DC1,0,0,0,0,0,0,0,[0]
562,141,DC2,0,0,0,0,0,0,0,[0]
563,141,DC3,0,0,0,0,0,0,0,[0]
564,141,DC4,0,0,0,0,0,0,0,[0]
565,142,DC1,0,0,0,0,0,0,0,[0]
566,142,DC2,0,0,0,0,0,0,0,[0]
567,142,DC3,0,0,0,0,0,0,0,[0]
568,142,DC4,0,0,0,0,0,0,0,[0]
569,143,DC1,0,0,0,0,0,0,0,[0]
570,143,DC2,0,0,0,0,0,0,0,[0]
571,143,DC3,0,0,0,0,0,0,0,[0]
572,143,DC4,0,0,0,0,0,0,0,[0]
573,144,DC1,0,0,0,0,0,0,0,"[0, 0, 0, 0, 0, 6, 0, 0, 295, 0, 0, 0, 1, 0, 0, 619, 0, 0, 0, 0, 0, 0, 1049, 0, 0, 0, 0, 0, 0, 0, 30, 0, 0, 0, 0, 0, 0, 0, 0, 0, 0, 0, 0, 0, 0, 0, 0, 0, 0, 0, 0, 0, 0, 0, 0, 0, 0, 0, 0, 0, 0, 0, 0, 0, 0, 0, 0, 0, 0, 0, 0, 0, 0, 0, 0, 0, 0, 0, 0, 0, 0, 0, 0, 0, 0, 0, 0, 0, 0, 0, 0, 0, 0, 0, 0, 0, 0, 0, 0, 0, 0, 0, 0, 0, 0]"
574,144,DC2,0,0,0,0,0,0,0,"[0, 0, 0, 0, 0, 5, 0, 0, 235, 0, 0, 0, 0, 0, 0, 402, 0, 0, 0, 0, 0, 0, 432, 0, 0, 0, 0, 0, 0, 0, 51, 0, 0, 0, 0, 0, 0, 0, 0, 0, 0, 0, 0, 0, 0, 0, 0, 0, 0, 0, 0, 0, 0, 0, 0, 0, 0, 0, 0, 0, 0, 0, 0, 0, 0, 0, 0, 0, 0, 0, 0, 0, 0, 0, 0, 0, 0, 0, 0, 0, 0, 0, 0, 0, 0, 0, 0, 0, 0, 0, 0, 0, 0, 0, 0, 0, 0, 0, 0, 0, 0, 0, 0, 0, 0]"
575,144,DC3,0,0,0,0,0,0,0,"[0, 26, 0, 0, 0, 0, 0, 0, 205, 0, 0, 0, 4, 0, 0, 0, 0, 0, 0, 0, 0, 0, 0, 19, 0, 0, 0, 0, 0, 0, 10, 0, 0, 0, 0, 0, 0, 0, 0, 0, 0, 0, 0, 0, 0, 0, 0, 0, 0, 0, 0, 0, 0, 0, 0, 0, 0, 0, 0, 0, 0, 0, 0, 0, 0, 0, 0, 0, 0, 0, 0, 0, 0, 0, 0, 0, 0, 0, 0, 0, 0, 0, 0, 0, 0, 0, 0, 0, 0, 0, 0, 0, 0, 0, 0, 0, 0, 0, 0, 0, 0, 0, 0, 0, 0]"
576,144,DC4,0,0,0,0,0,0,0,"[0, 0, 0, 0, 0, 0, 0, 0, 0, 0, 0, 0, 0, 0, 0, 0, 0, 0, 0, 0, 0, 0, 0, 0, 0, 0, 0, 0, 0, 0, 0, 0, 0, 0, 0, 0, 0, 0, 0, 0, 0, 0, 0, 0, 0, 0, 0, 0, 0, 0, 0, 0, 0, 0, 0, 0, 0, 0, 0, 0, 0, 0, 0, 0, 0, 0, 0, 0, 0, 0, 0, 0, 0, 0, 0, 0, 0, 0, 0, 0, 0, 0, 0, 0, 0, 0, 0, 0, 0, 0, 0, 0, 0, 0, 0, 0, 0, 0, 0, 0, 0, 0, 0, 0, 0]"
577,145,DC1,0,0,0,510,0,0,69,[0]
578,145,DC2,0,0,0,307,0,0,64,[0]
579,145,DC3,0,0,0,331,0,0,0,[0]
580,145,DC4,0,0,0,0,0,0,0,[0]
581,146,DC1,0,0,0,0,0,0,0,[0]
582,146,DC2,0,0,0,0,0,0,0,[0]
583,146,DC3,0,0,0,0,0,0,0,[0]
584,146,DC4,0,0,0,0,0,0,0,[0]
585,147,DC1,0,0,0,0,0,0,0,[0]
586,147,DC2,0,0,0,0,0,0,0,[0]
587,147,DC3,0,0,0,0,0,0,0,[0]
588,147,DC4,0,0,0,0,0,0,0,[0]
589,148,DC1,0,0,0,0,0,0,0,[0]
590,148,DC2,0,0,0,0,0,0,0,[0]
591,148,DC3,0,0,0,0,0,0,0,[0]
592,148,DC4,0,0,0,0,0,0,0,[0]
593,149,DC1,0,0,0,0,0,0,0,[0]
594,149,DC2,0,0,0,0,0,0,0,[0]
595,149,DC3,0,0,0,0,0,0,0,[0]
596,149,DC4,0,0,0,0,0,0,0,[0]
597,150,DC1,0,0,0,0,0,0,0,[0]
598,150,DC2,0,0,0,0,0,0,0,[0]
599,150,DC3,0,0,0,0,0,0,0,[0]
600,150,DC4,0,0,0,0,0,0,0,[0]
601,151,DC1,0,0,0,52,0,0,69,[0]
602,151,DC2,0,0,0,446,0,0,64,[0]
603,151,DC3,0,0,0,45,0,0,0,[0]
604,151,DC4,0,0,0,0,0,0,0,[0]
605,152,DC1,0,0,0,0,0,0,0,[0]
606,152,DC2,0,0,0,0,0,0,0,[0]
607,152,DC3,0,0,0,0,0,0,0,[0]
608,152,DC4,0,0,0,0,0,0,0,[0]
609,153,DC1,0,0,0,0,0,0,0,[0]
610,153,DC2,0,0,0,0,0,0,0,[0]
611,153,DC3,0,0,0,0,0,0,0,[0]
612,153,DC4,0,0,0,0,0,0,0,[0]
613,154,DC1,0,0,0,0,0,0,0,[0]
614,154,DC2,0,0,0,0,0,0,0,[0]
615,154,DC3,0,0,0,0,0,0,0,[0]
616,154,DC4,0,0,0,0,0,0,0,[0]
617,155,DC1,0,0,0,0,0,0,0,[0]
618,155,DC2,0,0,0,0,0,0,0,[0]
619,155,DC3,0,0,0,0,0,0,0,[0]
620,155,DC4,0,0,0,0,0,0,0,[0]
621,156,DC1,0,0,0,0,0,0,0,[0]
622,156,DC2,0,0,0,0,0,0,0,[0]
623,156,DC3,0,0,0,0,0,0,0,[0]
624,156,DC4,0,0,0,0,0,0,0,[0]
625,157,DC1,0,0,0,0,0,0,12,[0]
626,157,DC2,0,0,0,131,0,0,28,[0]
627,157,DC3,0,0,0,98,0,0,35,[0]
628,157,DC4,0,0,0,85,0,0,0,[0]
629,158,DC1,0,0,0,0,0,0,0,[0]
630,158,DC2,0,0,0,0,0,0,0,[0]
631,158,DC3,0,0,0,0,0,0,0,[0]
632,158,DC4,0,0,0,0,0,0,0,[0]
633,159,DC1,0,0,0,0,0,0,0,[0]
634,159,DC2,0,0,0,0,0,0,0,[0]
635,159,DC3,0,0,0,0,0,0,0,[0]
636,159,DC4,0,0,0,0,0,0,0,[0]
637,160,DC1,0,0,0,0,0,0,0,[0]
638,160,DC2,0,0,0,0,0,0,0,[0]
639,160,DC3,0,0,0,0,0,0,0,[0]
640,160,DC4,0,0,0,0,0,0,0,[0]
641,161,DC1,0,0,0,0,0,0,0,[0]
642,161,DC2,0,0,0,0,0,0,0,[0]
643,161,DC3,0,0,0,0,0,0,0,[0]
644,161,DC4,0,0,0,0,0,0,0,[0]
645,162,DC1,0,0,0,0,0,0,0,[0]
646,162,DC2,0,0,0,0,0,0,0,[0]
647,162,DC3,0,0,0,0,0,0,0,[0]
648,162,DC4,0,0,0,0,0,0,0,[0]
649,163,DC1,0,0,0,0,0,0,0,[0]
650,163,DC2,0,0,0,0,0,0,0,[0]
651,163,DC3,0,0,0,0,0,0,0,[0]
652,163,DC4,0,0,0,0,0,0,0,[0]
653,164,DC1,0,0,0,0,0,0,0,[0]
654,164,DC2,0,0,0,0,0,0,0,[0]
655,164,DC3,0,0,0,0,0,0,0,[0]
656,164,DC4,0,0,0,0,0,0,0,[0]
657,165,DC1,0,0,0,0,0,0,0,[0]
658,165,DC2,0,0,0,0,0,0,0,[0]
659,165,DC3,0,0,0,0,0,0,0,[0]
660,165,DC4,0,0,0,0,0,0,0,[0]
661,166,DC1,0,0,0,0,0,0,0,[0]
662,166,DC2,0,0,0,0,0,0,0,[0]
663,166,DC3,0,0,0,0,0,0,0,[0]
664,166,DC4,0,0,0,0,0,0,0,[0]
665,167,DC1,0,0,0,0,0,0,0,[0]
666,167,DC2,0,0,0,0,0,0,0,[0]
667,167,DC3,0,0,0,0,0,0,0,[0]
668,167,DC4,0,0,0,0,0,0,0,[0]
669,168,DC1,0,0,0,0,0,0,0,[0]
670,168,DC2,0,0,0,0,0,0,0,[0]
671,168,DC3,0,0,0,0,0,0,0,[0]
672,168,DC4,0,0,0,0,0,0,0,[0]
